finish_time,type,wave_id,is_delayed,date,workstation,total_in_wave,deadline_ts
2025-07-01 00:01:32,OUTBOUND,W_20250701_1730,N,2025-07-01,3F_7,889,0
2025-07-01 00:02:17,OUTBOUND,W_20250701_1730,N,2025-07-01,2F_2,889,0
2025-07-01 00:01:07,OUTBOUND,W_20250701_1730,N,2025-07-01,2F_6,889,0
2025-07-01 00:00:56,OUTBOUND,W_20250701_1200,N,2025-07-01,3F_6,513,0
2025-07-01 00:01:13,OUTBOUND,W_20250701_1730,N,2025-07-01,3F_8,889,0
2025-07-01 00:00:52,OUTBOUND,W_20250701_1730,N,2025-07-01,3F_4,889,0
2025-07-01 00:00:52,OUTBOUND,W_20250701_DEFAULT,N,2025-07-01,3F_1,16,0
2025-07-01 00:01:14,INBOUND,RECEIVING_20250701,N,2025-07-01,3F_5,714,0
2025-07-01 00:01:16,OUTBOUND,W_20250701_1730,N,2025-07-01,3F_3,889,0
2025-07-01 00:01:48,OUTBOUND,W_20250701_1730,N,2025-07-01,3F_3,889,0
2025-07-01 00:01:56,OUTBOUND,W_20250701_1730,N,2025-07-01,3F_1,889,0
2025-07-01 00:01:43,OUTBOUND,W_20250701_DEFAULT,N,2025-07-01,2F_1,16,0
2025-07-01 00:01:44,INBOUND,RECEIVING_20250701,N,2025-07-01,2F_5,714,0
2025-07-01 00:02:16,OUTBOUND,W_20250701_1730,N,2025-07-01,3F_1,889,0
2025-07-01 00:01:13,OUTBOUND,W_20250701_0925,N,2025-07-01,2F_8,23,0
2025-07-01 00:02:21,OUTBOUND,W_20250701_1200,N,2025-07-01,3F_6,513,0
2025-07-01 00:01:25,OUTBOUND,W_20250701_1200,N,2025-07-01,2F_4,513,0
2025-07-01 00:01:17,OUTBOUND,W_20250701_DEFAULT,N,2025-07-01,2F_3,16,0
2025-07-01 00:01:53,OUTBOUND,W_20250701_DEFAULT,N,2025-07-01,2F_3,16,0
2025-07-01 00:01:42,OUTBOUND,W_20250701_1730,N,2025-07-01,2F_7,889,0
2025-07-01 00:02:03,OUTBOUND,W_20250701_1730,N,2025-07-01,2F_1,889,0
2025-07-01 00:02:00,OUTBOUND,W_20250701_1730,N,2025-07-01,3F_2,889,0
2025-07-01 00:01:34,INBOUND,RECEIVING_20250701,N,2025-07-01,3F_5,714,0
2025-07-01 00:01:45,OUTBOUND,W_20250701_1730,N,2025-07-01,3F_4,889,0
2025-07-01 00:02:04,OUTBOUND,W_20250701_1200,N,2025-07-01,2F_4,513,0
2025-07-01 00:02:25,OUTBOUND,W_20250701_1730,N,2025-07-01,3F_7,889,0
2025-07-01 00:01:37,OUTBOUND,W_20250701_1730,N,2025-07-01,2F_6,889,0
2025-07-01 00:02:02,OUTBOUND,W_20250701_1730,N,2025-07-01,2F_7,889,0
2025-07-01 00:02:27,OUTBOUND,W_20250701_1730,N,2025-07-01,2F_7,889,0
2025-07-01 00:03:05,OUTBOUND,W_20250701_1200,N,2025-07-01,3F_7,513,0
2025-07-01 00:02:23,OUTBOUND,W_20250701_DEFAULT,N,2025-07-01,2F_1,16,0
2025-07-01 00:02:27,OUTBOUND,W_20250701_1730,N,2025-07-01,2F_6,889,0
2025-07-01 00:02:23,OUTBOUND,W_20250701_1730,N,2025-07-01,2F_3,889,0
2025-07-01 00:01:33,OUTBOUND,W_20250701_0925,N,2025-07-01,3F_8,23,0
2025-07-01 00:01:33,OUTBOUND,W_20250701_1730,N,2025-07-01,2F_8,889,0
2025-07-01 00:02:04,INBOUND,RECEIVING_20250701,N,2025-07-01,2F_5,714,0
2025-07-01 00:02:36,OUTBOUND,W_20250701_1730,N,2025-07-01,3F_1,889,0
2025-07-01 00:02:39,INBOUND,RECEIVING_20250701,N,2025-07-01,2F_5,714,0
2025-07-01 00:02:43,OUTBOUND,W_20250701_1730,N,2025-07-01,2F_3,889,0
2025-07-01 00:01:53,OUTBOUND,W_20250701_1730,N,2025-07-01,3F_8,889,0
2025-07-01 00:02:08,OUTBOUND,W_20250701_DEFAULT,N,2025-07-01,3F_3,16,0
2025-07-01 00:02:05,OUTBOUND,W_20250701_1730,N,2025-07-01,3F_4,889,0
2025-07-01 00:03:25,OUTBOUND,W_20250701_1730,N,2025-07-01,3F_7,889,0
2025-07-01 00:02:20,OUTBOUND,W_20250701_1730,N,2025-07-01,3F_2,889,0
2025-07-01 00:02:57,OUTBOUND,W_20250701_1730,N,2025-07-01,2F_2,889,0
2025-07-01 00:02:13,OUTBOUND,W_20250701_0925,N,2025-07-01,3F_8,23,0
2025-07-01 00:04:22,OUTBOUND,W_20250701_1730,N,2025-07-01,2F_2,889,0
2025-07-01 00:02:38,OUTBOUND,W_20250701_1730,N,2025-07-01,3F_3,889,0
2025-07-01 00:02:24,OUTBOUND,W_20250701_1200,N,2025-07-01,2F_4,513,0
2025-07-01 00:04:52,OUTBOUND,W_20250701_1730,N,2025-07-01,2F_2,889,0
2025-07-01 00:02:14,INBOUND,RECEIVING_20250701,N,2025-07-01,3F_5,714,0
2025-07-01 00:02:55,OUTBOUND,W_20250701_1730,N,2025-07-01,3F_2,889,0
2025-07-01 00:01:53,OUTBOUND,W_20250701_1730,N,2025-07-01,2F_8,889,0
2025-07-01 00:03:04,INBOUND,RECEIVING_20250701,N,2025-07-01,2F_5,714,0
2025-07-01 00:02:56,OUTBOUND,W_20250701_1730,N,2025-07-01,3F_1,889,0
2025-07-01 00:02:56,OUTBOUND,W_20250701_1200,N,2025-07-01,3F_6,513,0
2025-07-01 00:02:49,OUTBOUND,W_20250701_1200,N,2025-07-01,2F_4,513,0
2025-07-01 00:03:14,OUTBOUND,W_20250701_1730,N,2025-07-01,2F_4,889,0
2025-07-01 00:03:16,OUTBOUND,W_20250701_1730,N,2025-07-01,3F_1,889,0
2025-07-01 00:03:05,OUTBOUND,W_20250702_0855,N,2025-07-01,2F_7,148,0
2025-07-01 00:03:25,OUTBOUND,W_20250702_0855,N,2025-07-01,2F_7,148,0
2025-07-01 00:04:26,OUTBOUND,W_20250701_1730,N,2025-07-01,2F_6,889,0
2025-07-01 00:03:40,OUTBOUND,W_20250701_1730,N,2025-07-01,3F_2,889,0
2025-07-01 00:04:46,OUTBOUND,W_20250701_1730,N,2025-07-01,2F_6,889,0
2025-07-01 00:03:25,OUTBOUND,W_20250701_0925,N,2025-07-01,3F_8,23,0
2025-07-01 00:03:46,OUTBOUND,W_20250702_0855,N,2025-07-01,3F_7,148,0
2025-07-01 00:04:29,OUTBOUND,W_20250701_1200,N,2025-07-01,2F_4,513,0
2025-07-01 00:04:30,OUTBOUND,W_20250701_0925,N,2025-07-01,2F_8,23,0
2025-07-01 00:04:47,INBOUND,RECEIVING_20250701,N,2025-07-01,2F_5,714,0
2025-07-01 00:04:43,INBOUND,RECEIVING_20250701,N,2025-07-01,3F_5,714,0
2025-07-01 00:05:21,OUTBOUND,W_20250701_0925,N,2025-07-01,3F_8,23,0
2025-07-01 00:04:49,OUTBOUND,W_20250701_1200,N,2025-07-01,2F_4,513,0
2025-07-01 00:03:03,OUTBOUND,W_20250701_1730,N,2025-07-01,3F_3,889,0
2025-07-01 00:04:06,OUTBOUND,W_20250701_1730,N,2025-07-01,3F_7,889,0
2025-07-01 00:02:50,OUTBOUND,W_20250701_1200,N,2025-07-01,3F_4,513,0
2025-07-01 00:03:21,OUTBOUND,W_20250701_1200,N,2025-07-01,3F_6,513,0
2025-07-01 00:05:47,INBOUND,RECEIVING_20250701,N,2025-07-01,2F_5,714,0
2025-07-01 00:03:46,OUTBOUND,W_20250701_1200,N,2025-07-01,3F_6,513,0
2025-07-01 00:03:10,OUTBOUND,W_20250701_1730,N,2025-07-01,3F_4,889,0
2025-07-01 00:02:43,OUTBOUND,W_20250701_1730,N,2025-07-01,2F_1,889,0
2025-07-01 00:09:32,OUTBOUND,W_20250701_1730,N,2025-07-01,2F_2,889,0
2025-07-01 00:03:03,OUTBOUND,W_20250701_DEFAULT,N,2025-07-01,2F_3,16,0
2025-07-01 00:03:50,OUTBOUND,W_20250702_0855,N,2025-07-01,2F_7,148,0
2025-07-01 00:04:50,OUTBOUND,W_20250701_0925,N,2025-07-01,2F_8,23,0
2025-07-01 00:03:03,OUTBOUND,W_20250701_1730,N,2025-07-01,2F_1,889,0
2025-07-01 00:05:03,INBOUND,RECEIVING_20250701,N,2025-07-01,3F_5,714,0
2025-07-01 00:05:23,INBOUND,RECEIVING_20250701,N,2025-07-01,3F_5,714,0
2025-07-01 00:05:41,OUTBOUND,W_20250701_0925,N,2025-07-01,3F_8,23,0
2025-07-01 00:05:09,OUTBOUND,W_20250701_1200,N,2025-07-01,2F_4,513,0
2025-07-01 00:04:10,OUTBOUND,W_20250701_DEFAULT,N,2025-07-01,2F_7,16,0
2025-07-01 00:03:35,OUTBOUND,W_20250701_1200,N,2025-07-01,3F_4,513,0
2025-07-01 00:06:01,OUTBOUND,W_20250701_0925,N,2025-07-01,3F_8,23,0
2025-07-01 00:05:10,OUTBOUND,W_20250701_0925,N,2025-07-01,2F_8,23,0
2025-07-01 00:06:27,INBOUND,RECEIVING_20250701,N,2025-07-01,2F_5,714,0
2025-07-01 00:03:23,OUTBOUND,W_20250701_1730,N,2025-07-01,3F_3,889,0
2025-07-01 00:04:10,OUTBOUND,W_20250701_1730,N,2025-07-01,3F_2,889,0
2025-07-01 00:05:30,OUTBOUND,W_20250701_1730,N,2025-07-01,3F_2,889,0
2025-07-01 00:06:21,OUTBOUND,W_20250701_0925,N,2025-07-01,3F_8,23,0
2025-07-01 00:12:12,OUTBOUND,W_20250701_1730,N,2025-07-01,2F_2,889,0
2025-07-01 00:03:28,OUTBOUND,W_20250701_1730,N,2025-07-01,2F_3,889,0
2025-07-01 00:03:51,OUTBOUND,W_20250701_1200,N,2025-07-01,3F_1,513,0
2025-07-01 00:03:43,OUTBOUND,W_20250701_1200,N,2025-07-01,3F_3,513,0
2025-07-01 00:06:52,INBOUND,RECEIVING_20250701,N,2025-07-01,2F_5,714,0
2025-07-01 00:04:00,OUTBOUND,W_20250701_1200,N,2025-07-01,3F_4,513,0
2025-07-01 00:16:42,OUTBOUND,W_20250701_1730,N,2025-07-01,2F_2,889,0
2025-07-01 00:05:01,OUTBOUND,W_20250702_0855,N,2025-07-01,3F_7,148,0
2025-07-01 00:05:29,OUTBOUND,W_20250702_0855,N,2025-07-01,2F_4,148,0
2025-07-01 00:05:06,OUTBOUND,W_20250701_1730,N,2025-07-01,2F_6,889,0
2025-07-01 00:03:23,OUTBOUND,W_20250701_1730,N,2025-07-01,2F_1,889,0
2025-07-01 00:04:06,OUTBOUND,W_20250701_1200,N,2025-07-01,3F_6,513,0
2025-07-01 00:05:30,OUTBOUND,W_20250701_0925,N,2025-07-01,2F_8,23,0
2025-07-01 00:03:48,OUTBOUND,W_20250701_0925,N,2025-07-01,2F_3,23,0
2025-07-01 00:04:03,OUTBOUND,W_20250701_1730,N,2025-07-01,3F_3,889,0
2025-07-01 00:04:30,OUTBOUND,W_20250701_DEFAULT,N,2025-07-01,2F_7,16,0
2025-07-01 00:04:41,OUTBOUND,W_20250701_1200,N,2025-07-01,3F_4,513,0
2025-07-01 00:06:58,OUTBOUND,W_20250701_0925,N,2025-07-01,3F_8,23,0
2025-07-01 00:04:50,OUTBOUND,W_20250701_DEFAULT,N,2025-07-01,2F_7,16,0
2025-07-01 00:05:26,OUTBOUND,W_20250701_1730,N,2025-07-01,2F_6,889,0
2025-07-01 00:06:00,OUTBOUND,W_20250701_1730,N,2025-07-01,3F_2,889,0
2025-07-01 00:17:17,OUTBOUND,W_20250701_1730,N,2025-07-01,2F_2,889,0
2025-07-01 00:04:16,OUTBOUND,W_20250701_1200,N,2025-07-01,3F_1,513,0
2025-07-01 00:06:40,OUTBOUND,W_20250701_1730,N,2025-07-01,3F_2,889,0
2025-07-01 00:04:26,OUTBOUND,W_20250701_1200,N,2025-07-01,3F_6,513,0
2025-07-01 00:05:21,OUTBOUND,W_20250702_0855,N,2025-07-01,3F_7,148,0
2025-07-01 00:04:33,OUTBOUND,W_20250701_1200,N,2025-07-01,2F_3,513,0
2025-07-01 00:05:02,OUTBOUND,W_20250702_0855,N,2025-07-01,3F_3,148,0
2025-07-01 00:05:41,OUTBOUND,W_20250702_0855,N,2025-07-01,3F_7,148,0
2025-07-01 00:05:43,INBOUND,RECEIVING_20250701,N,2025-07-01,3F_5,714,0
2025-07-01 00:07:22,INBOUND,RECEIVING_20250701,N,2025-07-01,2F_5,714,0
2025-07-01 00:07:05,OUTBOUND,W_20250701_1730,N,2025-07-01,3F_2,889,0
2025-07-01 00:07:18,OUTBOUND,W_20250701_0925,N,2025-07-01,3F_8,23,0
2025-07-01 00:04:36,OUTBOUND,W_20250701_1200,N,2025-07-01,3F_1,513,0
2025-07-01 00:05:03,OUTBOUND,W_20250702_0855,N,2025-07-01,2F_3,148,0
2025-07-01 00:18:17,OUTBOUND,W_20250701_1730,N,2025-07-01,2F_2,889,0
2025-07-01 00:05:56,OUTBOUND,W_20250701_1730,N,2025-07-01,2F_6,889,0
2025-07-01 00:04:51,OUTBOUND,W_20250701_1200,N,2025-07-01,3F_6,513,0
2025-07-01 00:06:09,OUTBOUND,W_20250702_0855,N,2025-07-01,2F_4,148,0
2025-07-01 00:05:10,OUTBOUND,W_20250701_DEFAULT,N,2025-07-01,2F_7,16,0
2025-07-01 00:05:11,OUTBOUND,W_20250701_1200,N,2025-07-01,3F_4,513,0
2025-07-01 00:05:50,OUTBOUND,W_20250701_0925,N,2025-07-01,2F_8,23,0
2025-07-01 00:05:22,OUTBOUND,W_20250702_0855,N,2025-07-01,3F_3,148,0
2025-07-01 00:06:29,OUTBOUND,W_20250702_0855,N,2025-07-01,2F_4,148,0
2025-07-01 00:05:00,OUTBOUND,W_20250701_1730,N,2025-07-01,2F_1,889,0
2025-07-01 00:06:28,INBOUND,RECEIVING_20250701,N,2025-07-01,3F_5,714,0
2025-07-01 00:06:53,INBOUND,RECEIVING_20250701,N,2025-07-01,3F_5,714,0
2025-07-01 00:06:05,OUTBOUND,W_20250701_1200,N,2025-07-01,2F_1,513,0
2025-07-01 00:05:52,OUTBOUND,W_20250701_1200,N,2025-07-01,3F_4,513,0
2025-07-01 00:06:01,OUTBOUND,W_20250702_0855,N,2025-07-01,3F_7,148,0
2025-07-01 00:06:16,OUTBOUND,W_20250701_1730,N,2025-07-01,2F_6,889,0
2025-07-01 00:06:22,OUTBOUND,W_20250701_0925,N,2025-07-01,2F_8,23,0
2025-07-01 00:07:54,OUTBOUND,W_20250701_0925,N,2025-07-01,3F_8,23,0
2025-07-01 00:06:25,OUTBOUND,W_20250701_1730,N,2025-07-01,2F_1,889,0
2025-07-01 00:06:42,OUTBOUND,W_20250701_0925,N,2025-07-01,2F_8,23,0
2025-07-01 00:07:19,OUTBOUND,W_20250701_1730,N,2025-07-01,3F_6,889,0
2025-07-01 00:07:13,INBOUND,RECEIVING_20250701,N,2025-07-01,3F_5,714,0
2025-07-01 00:06:21,OUTBOUND,W_20250702_0855,N,2025-07-01,3F_7,148,0
2025-07-01 00:06:31,OUTBOUND,W_20250702_0855,N,2025-07-01,3F_3,148,0
2025-07-01 00:08:05,OUTBOUND,W_20250702_0855,N,2025-07-01,3F_7,148,0
2025-07-01 00:06:12,OUTBOUND,W_20250701_1200,N,2025-07-01,3F_4,513,0
2025-07-01 00:07:52,INBOUND,RECEIVING_20250701,N,2025-07-01,2F_5,714,0
2025-07-01 00:08:12,INBOUND,RECEIVING_20250701,N,2025-07-01,2F_5,714,0
2025-07-01 00:06:51,OUTBOUND,W_20250702_0855,N,2025-07-01,3F_3,148,0
2025-07-01 00:04:56,OUTBOUND,W_20250701_1200,N,2025-07-01,3F_1,513,0
2025-07-01 00:07:02,OUTBOUND,W_20250701_1350,N,2025-07-01,2F_8,483,0
2025-07-01 00:08:14,OUTBOUND,W_20250701_0925,N,2025-07-01,3F_8,23,0
2025-07-01 00:18:52,OUTBOUND,W_20250701_1730,N,2025-07-01,2F_2,889,0
2025-07-01 00:07:39,OUTBOUND,W_20250701_1730,N,2025-07-01,3F_6,889,0
2025-07-01 00:08:25,OUTBOUND,W_20250702_0855,N,2025-07-01,3F_7,148,0
2025-07-01 00:07:44,OUTBOUND,W_20250701_1200,N,2025-07-01,2F_1,513,0
2025-07-01 00:07:49,OUTBOUND,W_20250701_1200,N,2025-07-01,3F_1,513,0
2025-07-01 00:10:57,OUTBOUND,W_20250702_0855,N,2025-07-01,2F_4,148,0
2025-07-01 00:08:34,OUTBOUND,W_20250701_0925,N,2025-07-01,3F_8,23,0
2025-07-01 00:11:17,OUTBOUND,W_20250702_0855,N,2025-07-01,2F_4,148,0
2025-07-01 00:05:23,OUTBOUND,W_20250701_1200,N,2025-07-01,2F_3,513,0
2025-07-01 00:08:04,OUTBOUND,W_20250701_1200,N,2025-07-01,2F_1,513,0
2025-07-01 00:08:24,OUTBOUND,W_20250701_1200,N,2025-07-01,3F_1,513,0
2025-07-01 00:06:36,OUTBOUND,W_20250701_1730,N,2025-07-01,2F_6,889,0
2025-07-01 00:05:52,OUTBOUND,W_20250701_1200,N,2025-07-01,2F_3,513,0
2025-07-01 00:07:33,INBOUND,RECEIVING_20250701,N,2025-07-01,3F_5,714,0
2025-07-01 00:07:55,OUTBOUND,W_20250701_1730,N,2025-07-01,3F_2,889,0
2025-07-01 00:08:15,OUTBOUND,W_20250701_1730,N,2025-07-01,3F_2,889,0
2025-07-01 00:08:45,OUTBOUND,W_20250701_DEFAULT,N,2025-07-01,3F_7,16,0
2025-07-01 00:20:42,OUTBOUND,W_20250701_1730,N,2025-07-01,2F_2,889,0
2025-07-01 00:08:37,INBOUND,RECEIVING_20250701,N,2025-07-01,2F_5,714,0
2025-07-01 00:07:22,OUTBOUND,W_20250701_1350,N,2025-07-01,2F_8,483,0
2025-07-01 00:11:37,OUTBOUND,W_20250702_0855,N,2025-07-01,2F_4,148,0
2025-07-01 00:08:54,OUTBOUND,W_20250701_1200,N,2025-07-01,3F_1,513,0
2025-07-01 00:08:34,OUTBOUND,W_20250701_1200,N,2025-07-01,2F_1,513,0
2025-07-01 00:09:29,OUTBOUND,W_20250701_1200,N,2025-07-01,3F_1,513,0
2025-07-01 00:08:59,OUTBOUND,W_20250701_1200,N,2025-07-01,2F_1,513,0
2025-07-01 00:06:56,OUTBOUND,W_20250701_1730,N,2025-07-01,2F_6,889,0
2025-07-01 00:06:32,OUTBOUND,W_20250701_1200,N,2025-07-01,3F_4,513,0
2025-07-01 00:06:12,OUTBOUND,W_20250701_1200,N,2025-07-01,2F_3,513,0
2025-07-01 00:07:02,OUTBOUND,W_20250701_1200,N,2025-07-01,3F_4,513,0
2025-07-01 00:22:12,OUTBOUND,W_20250701_1730,N,2025-07-01,2F_2,889,0
2025-07-01 00:08:55,OUTBOUND,W_20250701_1730,N,2025-07-01,3F_2,889,0
2025-07-01 00:07:16,OUTBOUND,W_20250701_1730,N,2025-07-01,2F_6,889,0
2025-07-01 00:07:11,OUTBOUND,W_20250702_0855,N,2025-07-01,3F_3,148,0
2025-07-01 00:07:59,OUTBOUND,W_20250701_1730,N,2025-07-01,3F_6,889,0
2025-07-01 00:07:47,OUTBOUND,W_20250701_1350,N,2025-07-01,2F_8,483,0
2025-07-01 00:07:29,OUTBOUND,W_20250702_0855,N,2025-07-01,2F_3,148,0
2025-07-01 00:08:54,OUTBOUND,W_20250701_0925,N,2025-07-01,3F_8,23,0
2025-07-01 00:09:39,OUTBOUND,W_20250701_1200,N,2025-07-01,2F_1,513,0
2025-07-01 00:07:53,INBOUND,RECEIVING_20250701,N,2025-07-01,3F_5,714,0
2025-07-01 00:09:05,OUTBOUND,W_20250701_DEFAULT,N,2025-07-01,3F_7,16,0
2025-07-01 00:08:07,OUTBOUND,W_20250701_1350,N,2025-07-01,2F_8,483,0
2025-07-01 00:07:49,OUTBOUND,W_20250702_0855,N,2025-07-01,2F_3,148,0
2025-07-01 00:08:19,OUTBOUND,W_20250701_1730,N,2025-07-01,3F_6,889,0
2025-07-01 00:07:31,OUTBOUND,W_20250702_0855,N,2025-07-01,3F_3,148,0
2025-07-01 00:09:25,OUTBOUND,W_20250702_0855,N,2025-07-01,3F_7,148,0
2025-07-01 00:08:32,OUTBOUND,W_20250701_1350,N,2025-07-01,2F_8,483,0
2025-07-01 00:09:54,OUTBOUND,W_20250701_1200,N,2025-07-01,3F_1,513,0
2025-07-01 00:12:38,OUTBOUND,W_20250702_0855,N,2025-07-01,2F_4,148,0
2025-07-01 00:13:39,OUTBOUND,W_20250702_0855,N,2025-07-01,2F_4,148,0
2025-07-01 00:08:18,INBOUND,RECEIVING_20250701,N,2025-07-01,3F_5,714,0
2025-07-01 00:08:01,OUTBOUND,W_20250701_1200,N,2025-07-01,3F_3,513,0
2025-07-01 00:24:37,OUTBOUND,W_20250701_1730,N,2025-07-01,2F_2,889,0
2025-07-01 00:08:39,OUTBOUND,W_20250701_1730,N,2025-07-01,3F_6,889,0
2025-07-01 00:09:14,OUTBOUND,W_20250701_0925,N,2025-07-01,3F_8,23,0
2025-07-01 00:07:46,OUTBOUND,W_20250701_1730,N,2025-07-01,2F_6,889,0
2025-07-01 00:09:02,INBOUND,RECEIVING_20250701,N,2025-07-01,2F_5,714,0
2025-07-01 00:08:52,OUTBOUND,W_20250701_1350,N,2025-07-01,2F_8,483,0
2025-07-01 00:07:39,OUTBOUND,W_20250701_1200,N,2025-07-01,3F_4,513,0
2025-07-01 00:09:37,INBOUND,RECEIVING_20250701,N,2025-07-01,2F_5,714,0
2025-07-01 00:14:04,OUTBOUND,W_20250702_0855,N,2025-07-01,2F_4,148,0
2025-07-01 00:08:10,OUTBOUND,W_20250701_1200,N,2025-07-01,2F_3,513,0
2025-07-01 00:08:17,OUTBOUND,W_20250701_1730,N,2025-07-01,2F_6,889,0
2025-07-01 00:08:49,OUTBOUND,W_20250701_1200,N,2025-07-01,3F_4,513,0
2025-07-01 00:09:20,OUTBOUND,W_20250701_1730,N,2025-07-01,3F_2,889,0
2025-07-01 00:09:11,OUTBOUND,W_20250701_1200,N,2025-07-01,3F_3,513,0
2025-07-01 00:09:12,OUTBOUND,W_20250701_1350,N,2025-07-01,2F_8,483,0
2025-07-01 00:10:07,INBOUND,RECEIVING_20250701,N,2025-07-01,2F_5,714,0
2025-07-01 00:09:34,OUTBOUND,W_20250702_0855,N,2025-07-01,3F_8,148,0
2025-07-01 00:10:01,OUTBOUND,W_20250701_1200,N,2025-07-01,3F_3,513,0
2025-07-01 00:08:58,INBOUND,RECEIVING_20250701,N,2025-07-01,3F_5,714,0
2025-07-01 00:09:13,OUTBOUND,W_20250701_1730,N,2025-07-01,3F_6,889,0
2025-07-01 00:14:24,OUTBOUND,W_20250702_0855,N,2025-07-01,2F_4,148,0
2025-07-01 00:14:44,OUTBOUND,W_20250702_0855,N,2025-07-01,2F_4,148,0
2025-07-01 00:10:20,OUTBOUND,W_20250701_1730,N,2025-07-01,3F_2,889,0
2025-07-01 00:09:45,OUTBOUND,W_20250701_DEFAULT,N,2025-07-01,3F_7,16,0
2025-07-01 00:08:42,OUTBOUND,W_20250701_1730,N,2025-07-01,2F_6,889,0
2025-07-01 00:11:05,OUTBOUND,W_20250701_1730,N,2025-07-01,3F_2,889,0
2025-07-01 00:25:12,OUTBOUND,W_20250701_1730,N,2025-07-01,2F_2,889,0
2025-07-01 00:10:14,OUTBOUND,W_20250701_1200,N,2025-07-01,3F_1,513,0
2025-07-01 00:10:34,OUTBOUND,W_20250701_1200,N,2025-07-01,3F_1,513,0
2025-07-01 00:09:59,OUTBOUND,W_20250701_1200,N,2025-07-01,2F_1,513,0
2025-07-01 00:10:19,OUTBOUND,W_20250701_1200,N,2025-07-01,2F_1,513,0
2025-07-01 00:09:14,OUTBOUND,W_20250701_1200,N,2025-07-01,3F_4,513,0
2025-07-01 00:08:50,OUTBOUND,W_20250701_1200,N,2025-07-01,2F_3,513,0
2025-07-01 00:15:04,OUTBOUND,W_20250702_0855,N,2025-07-01,2F_4,148,0
2025-07-01 00:10:52,INBOUND,RECEIVING_20250701,N,2025-07-01,2F_5,714,0
2025-07-01 00:10:54,OUTBOUND,W_20250701_1200,N,2025-07-01,3F_1,513,0
2025-07-01 00:09:36,INBOUND,RECEIVING_20250701,N,2025-07-01,3F_5,714,0
2025-07-01 00:10:24,OUTBOUND,W_20250701_1200,N,2025-07-01,3F_4,513,0
2025-07-01 00:09:33,OUTBOUND,W_20250701_1730,N,2025-07-01,3F_6,889,0
2025-07-01 00:09:54,OUTBOUND,W_20250702_0855,N,2025-07-01,3F_8,148,0
2025-07-01 00:26:42,OUTBOUND,W_20250701_1730,N,2025-07-01,2F_2,889,0
2025-07-01 00:10:39,OUTBOUND,W_20250701_1200,N,2025-07-01,2F_1,513,0
2025-07-01 00:10:36,OUTBOUND,W_20250701_1200,N,2025-07-01,3F_3,513,0
2025-07-01 00:09:10,OUTBOUND,W_20250701_1200,N,2025-07-01,2F_3,513,0
2025-07-01 00:09:55,OUTBOUND,W_20250701_1350,N,2025-07-01,2F_8,483,0
2025-07-01 00:09:20,OUTBOUND,W_20250701_1730,N,2025-07-01,2F_6,889,0
2025-07-01 00:10:34,OUTBOUND,W_20250701_1350,N,2025-07-01,3F_8,483,0
2025-07-01 00:09:30,OUTBOUND,W_20250701_1200,N,2025-07-01,2F_3,513,0
2025-07-01 00:15:24,OUTBOUND,W_20250702_0855,N,2025-07-01,2F_4,148,0
2025-07-01 00:10:05,OUTBOUND,W_20250701_DEFAULT,N,2025-07-01,3F_7,16,0
2025-07-01 00:11:35,OUTBOUND,W_20250701_1730,N,2025-07-01,3F_2,889,0
2025-07-01 00:10:25,OUTBOUND,W_20250701_1350,N,2025-07-01,3F_7,483,0
2025-07-01 00:13:25,OUTBOUND,W_20250701_1730,N,2025-07-01,3F_2,889,0
2025-07-01 00:09:55,OUTBOUND,W_20250701_1200,N,2025-07-01,2F_3,513,0
2025-07-01 00:11:12,INBOUND,RECEIVING_20250701,N,2025-07-01,2F_5,714,0
2025-07-01 00:10:15,OUTBOUND,W_20250701_1350,N,2025-07-01,2F_8,483,0
2025-07-01 00:10:30,OUTBOUND,W_20250701_1730,N,2025-07-01,2F_6,889,0
2025-07-01 00:10:38,INBOUND,RECEIVING_20250701,N,2025-07-01,3F_5,714,0
2025-07-01 00:27:32,OUTBOUND,W_20250701_1730,N,2025-07-01,2F_2,889,0
2025-07-01 00:27:52,OUTBOUND,W_20250701_1730,N,2025-07-01,2F_2,889,0
2025-07-01 00:10:35,OUTBOUND,W_20250701_1350,N,2025-07-01,2F_8,483,0
2025-07-01 00:10:58,INBOUND,RECEIVING_20250701,N,2025-07-01,3F_5,714,0
2025-07-01 00:10:49,OUTBOUND,W_20250701_1200,N,2025-07-01,3F_4,513,0
2025-07-01 00:10:50,OUTBOUND,W_20250701_1730,N,2025-07-01,2F_6,889,0
2025-07-01 00:13:50,OUTBOUND,W_20250701_1730,N,2025-07-01,3F_2,889,0
2025-07-01 00:09:53,OUTBOUND,W_20250701_1730,N,2025-07-01,3F_6,889,0
2025-07-01 00:10:54,OUTBOUND,W_20250701_1350,N,2025-07-01,3F_8,483,0
2025-07-01 00:11:06,OUTBOUND,W_20250701_1200,N,2025-07-01,3F_3,513,0
2025-07-01 00:11:41,OUTBOUND,W_20250701_1200,N,2025-07-01,3F_3,513,0
2025-07-01 00:29:42,OUTBOUND,W_20250701_1730,N,2025-07-01,2F_2,889,0
2025-07-01 00:10:16,OUTBOUND,W_20250701_1200,N,2025-07-01,2F_3,513,0
2025-07-01 00:10:22,OUTBOUND,W_20250701_1730,N,2025-07-01,3F_6,889,0
2025-07-01 00:11:14,OUTBOUND,W_20250701_1200,N,2025-07-01,2F_1,513,0
2025-07-01 00:11:32,INBOUND,RECEIVING_20250701,N,2025-07-01,2F_5,714,0
2025-07-01 00:11:18,INBOUND,RECEIVING_20250701,N,2025-07-01,3F_5,714,0
2025-07-01 00:15:44,OUTBOUND,W_20250701_1200,N,2025-07-01,2F_4,513,0
2025-07-01 00:10:42,OUTBOUND,W_20250701_1730,N,2025-07-01,3F_6,889,0
2025-07-01 00:14:30,OUTBOUND,W_20250701_1730,N,2025-07-01,3F_2,889,0
2025-07-01 00:30:17,OUTBOUND,W_20250701_1730,N,2025-07-01,2F_2,889,0
2025-07-01 00:11:22,OUTBOUND,W_20250701_1730,N,2025-07-01,2F_6,889,0
2025-07-01 00:12:03,INBOUND,RECEIVING_20250701,N,2025-07-01,3F_5,714,0
2025-07-01 00:12:39,OUTBOUND,W_20250701_1350,N,2025-07-01,2F_8,483,0
2025-07-01 00:16:04,OUTBOUND,W_20250702_0855,N,2025-07-01,2F_4,148,0
2025-07-01 00:15:59,OUTBOUND,W_20250701_1200,N,2025-07-01,2F_3,513,0
2025-07-01 00:11:14,OUTBOUND,W_20250701_1200,N,2025-07-01,3F_1,513,0
2025-07-01 00:11:49,OUTBOUND,W_20250701_1200,N,2025-07-01,2F_1,513,0
2025-07-01 00:11:09,OUTBOUND,W_20250701_1200,N,2025-07-01,3F_4,513,0
2025-07-01 00:12:09,OUTBOUND,W_20250701_1200,N,2025-07-01,2F_1,513,0
2025-07-01 00:11:34,OUTBOUND,W_20250701_1200,N,2025-07-01,3F_1,513,0
2025-07-01 00:30:37,OUTBOUND,W_20250701_1730,N,2025-07-01,2F_2,889,0
2025-07-01 00:12:59,OUTBOUND,W_20250701_1350,N,2025-07-01,2F_8,483,0
2025-07-01 00:11:52,INBOUND,RECEIVING_20250701,N,2025-07-01,2F_5,714,0
2025-07-01 00:11:34,OUTBOUND,W_20250701_1200,N,2025-07-01,3F_4,513,0
2025-07-01 00:31:02,OUTBOUND,W_20250701_1730,N,2025-07-01,2F_2,889,0
2025-07-01 00:11:14,OUTBOUND,W_20250701_1350,N,2025-07-01,3F_8,483,0
2025-07-01 00:11:04,OUTBOUND,W_20250701_1730,N,2025-07-01,3F_6,889,0
2025-07-01 00:11:54,OUTBOUND,W_20250702_0855,N,2025-07-01,3F_4,148,0
2025-07-01 00:13:36,OUTBOUND,W_20250701_1200,N,2025-07-01,3F_3,513,0
2025-07-01 00:16:34,OUTBOUND,W_20250701_1200,N,2025-07-01,2F_4,513,0
2025-07-01 00:13:56,OUTBOUND,W_20250702_0855,N,2025-07-01,3F_3,148,0
2025-07-01 00:13:24,OUTBOUND,W_20250701_1350,N,2025-07-01,2F_8,483,0
2025-07-01 00:11:24,OUTBOUND,W_20250701_1730,N,2025-07-01,3F_6,889,0
2025-07-01 00:11:34,OUTBOUND,W_20250701_1350,N,2025-07-01,3F_8,483,0
2025-07-01 00:31:22,OUTBOUND,W_20250701_1730,N,2025-07-01,2F_2,889,0
2025-07-01 00:12:29,INBOUND,RECEIVING_20250701,N,2025-07-01,3F_5,714,0
2025-07-01 00:12:22,OUTBOUND,W_20250701_1730,N,2025-07-01,2F_6,889,0
2025-07-01 00:19:59,OUTBOUND,W_20250701_1200,N,2025-07-01,2F_3,513,0
2025-07-01 00:12:34,OUTBOUND,W_20250701_1200,N,2025-07-01,2F_1,513,0
2025-07-01 00:15:10,OUTBOUND,W_20250701_1730,N,2025-07-01,3F_2,889,0
2025-07-01 00:12:14,OUTBOUND,W_20250702_0855,N,2025-07-01,3F_4,148,0
2025-07-01 00:12:47,OUTBOUND,W_20250701_1730,N,2025-07-01,2F_6,889,0
2025-07-01 00:12:17,INBOUND,RECEIVING_20250701,N,2025-07-01,2F_5,714,0
2025-07-01 00:12:42,INBOUND,RECEIVING_20250701,N,2025-07-01,2F_5,714,0
2025-07-01 00:11:54,OUTBOUND,W_20250701_1200,N,2025-07-01,3F_1,513,0
2025-07-01 00:31:57,OUTBOUND,W_20250701_1730,N,2025-07-01,2F_2,889,0
2025-07-01 00:13:48,OUTBOUND,W_20250701_1350,N,2025-07-01,2F_8,483,0
2025-07-01 00:14:58,OUTBOUND,W_20250701_1200,N,2025-07-01,3F_3,513,0
2025-07-01 00:20:19,OUTBOUND,W_20250701_1200,N,2025-07-01,2F_3,513,0
2025-07-01 00:17:10,OUTBOUND,W_20250701_1200,N,2025-07-01,2F_4,513,0
2025-07-01 00:12:59,INBOUND,RECEIVING_20250701,N,2025-07-01,3F_5,714,0
2025-07-01 00:11:59,OUTBOUND,W_20250701_1730,N,2025-07-01,3F_6,889,0
2025-07-01 00:11:54,OUTBOUND,W_20250701_1350,N,2025-07-01,3F_8,483,0
2025-07-01 00:20:39,OUTBOUND,W_20250701_1200,N,2025-07-01,2F_3,513,0
2025-07-01 00:15:55,OUTBOUND,W_20250701_1730,N,2025-07-01,3F_2,889,0
2025-07-01 00:12:14,OUTBOUND,W_20250701_1350,N,2025-07-01,3F_8,483,0
2025-07-01 00:13:19,INBOUND,RECEIVING_20250701,N,2025-07-01,3F_5,714,0
2025-07-01 00:15:23,OUTBOUND,W_20250701_1200,N,2025-07-01,3F_3,513,0
2025-07-01 00:32:32,OUTBOUND,W_20250701_1730,N,2025-07-01,2F_2,889,0
2025-07-01 00:14:08,OUTBOUND,W_20250701_1350,N,2025-07-01,2F_8,483,0
2025-07-01 00:20:58,OUTBOUND,W_20250701_1200,N,2025-07-01,2F_1,513,0
2025-07-01 00:13:07,OUTBOUND,W_20250701_1730,N,2025-07-01,2F_6,889,0
2025-07-01 00:17:30,OUTBOUND,W_20250701_1200,N,2025-07-01,2F_4,513,0
2025-07-01 00:13:49,INBOUND,RECEIVING_20250701,N,2025-07-01,3F_5,714,0
2025-07-01 00:16:30,OUTBOUND,W_20250701_1730,N,2025-07-01,3F_2,889,0
2025-07-01 00:12:34,OUTBOUND,W_20250701_1350,N,2025-07-01,3F_8,483,0
2025-07-01 00:13:12,INBOUND,RECEIVING_20250701,N,2025-07-01,2F_5,714,0
2025-07-01 00:14:28,OUTBOUND,W_20250701_1350,N,2025-07-01,2F_8,483,0
2025-07-01 00:13:32,INBOUND,RECEIVING_20250701,N,2025-07-01,2F_5,714,0
2025-07-01 00:13:32,OUTBOUND,W_20250701_1730,N,2025-07-01,2F_6,889,0
2025-07-01 00:13:57,INBOUND,RECEIVING_20250701,N,2025-07-01,2F_5,714,0
2025-07-01 00:33:22,OUTBOUND,W_20250701_1730,N,2025-07-01,2F_2,889,0
2025-07-01 00:16:26,OUTBOUND,W_20250701_1200,N,2025-07-01,3F_3,513,0
2025-07-01 00:16:26,OUTBOUND,W_20250702_0925,N,2025-07-01,2F_8,150,0
2025-07-01 00:17:56,OUTBOUND,W_20250701_1200,N,2025-07-01,2F_4,513,0
2025-07-01 00:18:16,OUTBOUND,W_20250701_1200,N,2025-07-01,2F_4,513,0
2025-07-01 00:12:34,OUTBOUND,W_20250702_0855,N,2025-07-01,3F_4,148,0
2025-07-01 00:12:14,OUTBOUND,W_20250701_1200,N,2025-07-01,3F_1,513,0
2025-07-01 00:12:39,OUTBOUND,W_20250701_1200,N,2025-07-01,3F_1,513,0
2025-07-01 00:12:54,OUTBOUND,W_20250702_0855,N,2025-07-01,3F_4,148,0
2025-07-01 00:12:19,OUTBOUND,W_20250701_1730,N,2025-07-01,3F_6,889,0
2025-07-01 00:21:43,OUTBOUND,W_20250701_1200,N,2025-07-01,2F_1,513,0
2025-07-01 00:12:39,OUTBOUND,W_20250701_1730,N,2025-07-01,3F_6,889,0
2025-07-01 00:33:42,OUTBOUND,W_20250701_1730,N,2025-07-01,2F_2,889,0
2025-07-01 00:16:56,OUTBOUND,W_20250701_1200,N,2025-07-01,3F_3,513,0
2025-07-01 00:14:09,INBOUND,RECEIVING_20250701,N,2025-07-01,3F_5,714,0
2025-07-01 00:14:07,OUTBOUND,W_20250701_1350,N,2025-07-01,3F_8,483,0
2025-07-01 00:34:02,OUTBOUND,W_20250701_1730,N,2025-07-01,2F_2,889,0
2025-07-01 00:16:46,OUTBOUND,W_20250702_0925,N,2025-07-01,2F_8,150,0
2025-07-01 00:22:03,OUTBOUND,W_20250701_1200,N,2025-07-01,2F_1,513,0
2025-07-01 00:12:59,OUTBOUND,W_20250701_1730,N,2025-07-01,3F_6,889,0
2025-07-01 00:17:16,OUTBOUND,W_20250701_1200,N,2025-07-01,3F_3,513,0
2025-07-01 00:13:57,OUTBOUND,W_20250701_1730,N,2025-07-01,2F_6,889,0
2025-07-01 00:12:59,OUTBOUND,W_20250701_1200,N,2025-07-01,3F_1,513,0
2025-07-01 00:14:27,OUTBOUND,W_20250701_1350,N,2025-07-01,3F_8,483,0
2025-07-01 00:17:06,OUTBOUND,W_20250702_0925,N,2025-07-01,2F_8,150,0
2025-07-01 00:18:32,INBOUND,RECEIVING_20250701,N,2025-07-01,2F_5,714,0
2025-07-01 00:19:14,INBOUND,RECEIVING_20250701,N,2025-07-01,2F_5,714,0
2025-07-01 00:19:34,INBOUND,RECEIVING_20250701,N,2025-07-01,2F_5,714,0
2025-07-01 00:23:36,OUTBOUND,W_20250702_0855,N,2025-07-01,2F_4,148,0
2025-07-01 00:14:17,OUTBOUND,W_20250701_1730,N,2025-07-01,2F_6,889,0
2025-07-01 00:17:35,OUTBOUND,W_20250701_1730,N,2025-07-01,3F_2,889,0
2025-07-01 00:20:59,OUTBOUND,W_20250701_1200,N,2025-07-01,2F_3,513,0
2025-07-01 00:13:14,OUTBOUND,W_20250702_0855,N,2025-07-01,3F_4,148,0
2025-07-01 00:13:24,OUTBOUND,W_20250701_1730,N,2025-07-01,3F_6,889,0
2025-07-01 00:13:35,OUTBOUND,W_20250702_0855,N,2025-07-01,3F_4,148,0
2025-07-01 00:13:43,OUTBOUND,W_20250701_1200,N,2025-07-01,3F_1,513,0
2025-07-01 00:14:47,OUTBOUND,W_20250701_1350,N,2025-07-01,3F_8,483,0
2025-07-01 00:17:26,OUTBOUND,W_20250702_0925,N,2025-07-01,2F_8,150,0
2025-07-01 00:21:24,OUTBOUND,W_20250701_1200,N,2025-07-01,2F_3,513,0
2025-07-01 00:22:23,OUTBOUND,W_20250701_1200,N,2025-07-01,2F_1,513,0
2025-07-01 00:23:56,OUTBOUND,W_20250702_0855,N,2025-07-01,2F_4,148,0
2025-07-01 00:18:25,OUTBOUND,W_20250701_1730,N,2025-07-01,3F_2,889,0
2025-07-01 00:18:45,OUTBOUND,W_20250701_1730,N,2025-07-01,3F_2,889,0
2025-07-01 00:17:36,OUTBOUND,W_20250701_1200,N,2025-07-01,3F_3,513,0
2025-07-01 00:14:29,INBOUND,RECEIVING_20250701,N,2025-07-01,3F_5,714,0
2025-07-01 00:15:07,OUTBOUND,W_20250701_1350,N,2025-07-01,3F_8,483,0
2025-07-01 00:15:09,OUTBOUND,W_20250701_1730,N,2025-07-01,2F_6,889,0
2025-07-01 00:34:27,OUTBOUND,W_20250701_1730,N,2025-07-01,2F_2,889,0
2025-07-01 00:17:46,OUTBOUND,W_20250702_0925,N,2025-07-01,2F_8,150,0
2025-07-01 00:20:09,INBOUND,RECEIVING_20250701,N,2025-07-01,2F_5,714,0
2025-07-01 00:21:12,INBOUND,RECEIVING_20250701,N,2025-07-01,2F_5,714,0
2025-07-01 00:23:22,OUTBOUND,W_20250701_1200,N,2025-07-01,2F_1,513,0
2025-07-01 00:26:38,OUTBOUND,W_20250701_1350,N,2025-07-01,2F_4,483,0
2025-07-01 00:13:44,OUTBOUND,W_20250701_1730,N,2025-07-01,3F_6,889,0
2025-07-01 00:14:09,OUTBOUND,W_20250701_1730,N,2025-07-01,3F_6,889,0
2025-07-01 00:14:49,INBOUND,RECEIVING_20250701,N,2025-07-01,3F_5,714,0
2025-07-01 00:15:29,OUTBOUND,W_20250701_1730,N,2025-07-01,2F_6,889,0
2025-07-01 00:26:58,OUTBOUND,W_20250701_1730,N,2025-07-01,2F_4,889,0
2025-07-01 00:15:49,OUTBOUND,W_20250701_1730,N,2025-07-01,2F_6,889,0
2025-07-01 00:14:36,OUTBOUND,W_20250701_1200,N,2025-07-01,3F_1,513,0
2025-07-01 00:19:15,OUTBOUND,W_20250701_1730,N,2025-07-01,3F_2,889,0
2025-07-01 00:14:44,OUTBOUND,W_20250702_0855,N,2025-07-01,3F_4,148,0
2025-07-01 00:34:47,OUTBOUND,W_20250701_1730,N,2025-07-01,2F_2,889,0
2025-07-01 00:17:56,OUTBOUND,W_20250701_1200,N,2025-07-01,3F_3,513,0
2025-07-01 00:18:06,OUTBOUND,W_20250702_0925,N,2025-07-01,2F_8,150,0
2025-07-01 00:18:40,OUTBOUND,W_20250702_0925,N,2025-07-01,2F_8,150,0
2025-07-01 00:21:44,OUTBOUND,W_20250701_1200,N,2025-07-01,2F_3,513,0
2025-07-01 00:23:42,OUTBOUND,W_20250701_1200,N,2025-07-01,2F_1,513,0
2025-07-01 00:29:44,OUTBOUND,W_20250701_1350,N,2025-07-01,2F_4,483,0
2025-07-01 00:14:56,OUTBOUND,W_20250701_1200,N,2025-07-01,3F_1,513,0
2025-07-01 00:15:09,OUTBOUND,W_20250702_0855,N,2025-07-01,3F_4,148,0
2025-07-01 00:15:26,OUTBOUND,W_20250701_1200,N,2025-07-01,3F_1,513,0
2025-07-01 00:15:09,INBOUND,RECEIVING_20250701,N,2025-07-01,3F_5,714,0
2025-07-01 00:18:21,OUTBOUND,W_20250701_1200,N,2025-07-01,3F_3,513,0
2025-07-01 00:18:41,OUTBOUND,W_20250701_1200,N,2025-07-01,3F_3,513,0
2025-07-01 00:22:04,OUTBOUND,W_20250701_1200,N,2025-07-01,2F_3,513,0
2025-07-01 00:16:09,OUTBOUND,W_20250701_1730,N,2025-07-01,2F_6,889,0
2025-07-01 00:19:00,OUTBOUND,W_20250702_0925,N,2025-07-01,2F_8,150,0
2025-07-01 00:16:44,INBOUND,RECEIVING_20250701,N,2025-07-01,3F_5,714,0
2025-07-01 00:16:36,OUTBOUND,W_20250701_1350,N,2025-07-01,3F_8,483,0
2025-07-01 00:35:07,OUTBOUND,W_20250701_1730,N,2025-07-01,2F_2,889,0
2025-07-01 00:35:32,OUTBOUND,W_20250701_1730,N,2025-07-01,2F_2,889,0
2025-07-01 00:23:47,INBOUND,RECEIVING_20250701,N,2025-07-01,2F_5,714,0
2025-07-01 00:30:04,OUTBOUND,W_20250701_1350,N,2025-07-01,2F_4,483,0
2025-07-01 00:17:09,INBOUND,RECEIVING_20250701,N,2025-07-01,3F_5,714,0
2025-07-01 00:24:02,OUTBOUND,W_20250701_1200,N,2025-07-01,2F_1,513,0
2025-07-01 00:19:55,OUTBOUND,W_20250701_1730,N,2025-07-01,3F_2,889,0
2025-07-01 00:19:51,OUTBOUND,W_20250701_1730,N,2025-07-01,2F_6,889,0
2025-07-01 00:22:56,OUTBOUND,W_20250702_0925,N,2025-07-01,2F_8,150,0
2025-07-01 00:35:57,OUTBOUND,W_20250701_1730,N,2025-07-01,2F_2,889,0
2025-07-01 00:27:49,INBOUND,RECEIVING_20250701,N,2025-07-01,2F_5,714,0
2025-07-01 00:28:45,OUTBOUND,W_20250701_1200,N,2025-07-01,2F_1,513,0
2025-07-01 00:31:35,OUTBOUND,W_20250701_1350,N,2025-07-01,2F_8,483,0
2025-07-01 00:32:45,OUTBOUND,W_20250701_1350,N,2025-07-01,2F_4,483,0
2025-07-01 00:14:41,OUTBOUND,W_20250701_1730,N,2025-07-01,3F_6,889,0
2025-07-01 00:16:56,OUTBOUND,W_20250701_1350,N,2025-07-01,3F_8,483,0
2025-07-01 00:22:24,OUTBOUND,W_20250701_1200,N,2025-07-01,2F_3,513,0
2025-07-01 00:16:29,OUTBOUND,W_20250701_1200,N,2025-07-01,3F_4,513,0
2025-07-01 00:20:11,OUTBOUND,W_20250701_1730,N,2025-07-01,2F_6,889,0
2025-07-01 00:22:44,OUTBOUND,W_20250701_1200,N,2025-07-01,2F_3,513,0
2025-07-01 00:19:06,OUTBOUND,W_20250701_1350,N,2025-07-01,3F_8,483,0
2025-07-01 00:19:06,OUTBOUND,W_20250701_1730,N,2025-07-01,3F_1,889,0
2025-07-01 00:19:37,OUTBOUND,W_20250701_1730,N,2025-07-01,3F_1,889,0
2025-07-01 00:36:17,OUTBOUND,W_20250701_1730,N,2025-07-01,2F_2,889,0
2025-07-01 00:36:47,OUTBOUND,W_20250701_1730,N,2025-07-01,2F_2,889,0
2025-07-01 00:28:09,INBOUND,RECEIVING_20250701,N,2025-07-01,2F_5,714,0
2025-07-01 00:19:26,OUTBOUND,W_20250701_1350,N,2025-07-01,3F_8,483,0
2025-07-01 00:21:20,OUTBOUND,W_20250701_1730,N,2025-07-01,3F_2,889,0
2025-07-01 00:21:55,OUTBOUND,W_20250701_1730,N,2025-07-01,3F_2,889,0
2025-07-01 00:28:29,INBOUND,RECEIVING_20250701,N,2025-07-01,2F_5,714,0
2025-07-01 00:21:19,OUTBOUND,W_20250701_1730,N,2025-07-01,2F_6,889,0
2025-07-01 00:22:30,OUTBOUND,W_20250701_1730,N,2025-07-01,3F_2,889,0
2025-07-01 00:37:22,OUTBOUND,W_20250701_1730,N,2025-07-01,2F_2,889,0
2025-07-01 00:31:36,OUTBOUND,W_20250701_1200,N,2025-07-01,2F_1,513,0
2025-07-01 00:36:52,OUTBOUND,W_20250701_1200,N,2025-07-01,2F_1,513,0
2025-07-01 00:31:55,OUTBOUND,W_20250701_1350,N,2025-07-01,2F_8,483,0
2025-07-01 00:15:01,OUTBOUND,W_20250701_1730,N,2025-07-01,3F_6,889,0
2025-07-01 00:15:21,OUTBOUND,W_20250701_1730,N,2025-07-01,3F_6,889,0
2025-07-01 00:19:57,OUTBOUND,W_20250701_1730,N,2025-07-01,3F_1,889,0
2025-07-01 00:33:05,OUTBOUND,W_20250701_1350,N,2025-07-01,2F_4,483,0
2025-07-01 00:15:41,OUTBOUND,W_20250701_1730,N,2025-07-01,3F_6,889,0
2025-07-01 00:21:39,OUTBOUND,W_20250701_1730,N,2025-07-01,2F_6,889,0
2025-07-01 00:19:46,OUTBOUND,W_20250701_1350,N,2025-07-01,3F_8,483,0
2025-07-01 00:17:49,OUTBOUND,W_20250702_0855,N,2025-07-01,3F_4,148,0
2025-07-01 00:18:09,OUTBOUND,W_20250702_0855,N,2025-07-01,3F_4,148,0
2025-07-01 00:23:09,OUTBOUND,W_20250701_1200,N,2025-07-01,2F_3,513,0
2025-07-01 00:19:06,OUTBOUND,W_20250701_1200,N,2025-07-01,3F_3,513,0
2025-07-01 00:32:15,OUTBOUND,W_20250701_1350,N,2025-07-01,2F_8,483,0
2025-07-01 00:20:31,OUTBOUND,W_20250701_1350,N,2025-07-01,3F_8,483,0
2025-07-01 00:37:47,OUTBOUND,W_20250701_1730,N,2025-07-01,2F_2,889,0
2025-07-01 00:38:12,OUTBOUND,W_20250701_1730,N,2025-07-01,2F_2,889,0
2025-07-01 00:29:17,INBOUND,RECEIVING_20250701,N,2025-07-01,2F_5,714,0
2025-07-01 00:23:29,OUTBOUND,W_20250701_1200,N,2025-07-01,2F_3,513,0
2025-07-01 00:18:29,OUTBOUND,W_20250702_0855,N,2025-07-01,3F_4,148,0
2025-07-01 00:19:41,OUTBOUND,W_20250701_1200,N,2025-07-01,3F_3,513,0
2025-07-01 00:17:29,INBOUND,RECEIVING_20250701,N,2025-07-01,3F_5,714,0
2025-07-01 00:17:49,INBOUND,RECEIVING_20250701,N,2025-07-01,3F_5,714,0
2025-07-01 00:23:00,OUTBOUND,W_20250701_1730,N,2025-07-01,3F_2,889,0
2025-07-01 00:20:01,OUTBOUND,W_20250701_1200,N,2025-07-01,3F_3,513,0
2025-07-01 00:20:17,OUTBOUND,W_20250701_1730,N,2025-07-01,3F_1,889,0
2025-07-01 00:18:19,INBOUND,RECEIVING_20250701,N,2025-07-01,3F_5,714,0
2025-07-01 00:29:47,INBOUND,RECEIVING_20250701,N,2025-07-01,2F_5,714,0
2025-07-01 00:33:30,OUTBOUND,W_20250701_1350,N,2025-07-01,2F_4,483,0
2025-07-01 00:23:55,OUTBOUND,W_20250701_1730,N,2025-07-01,3F_2,889,0
2025-07-01 00:32:35,OUTBOUND,W_20250701_1350,N,2025-07-01,2F_8,483,0
2025-07-01 00:24:55,OUTBOUND,W_20250701_1730,N,2025-07-01,3F_2,889,0
2025-07-01 00:16:32,OUTBOUND,W_20250701_1730,N,2025-07-01,3F_6,889,0
2025-07-01 00:33:55,OUTBOUND,W_20250701_1350,N,2025-07-01,2F_4,483,0
2025-07-01 00:20:51,OUTBOUND,W_20250701_1350,N,2025-07-01,3F_8,483,0
2025-07-01 00:37:17,OUTBOUND,W_20250701_1200,N,2025-07-01,2F_1,513,0
2025-07-01 00:20:21,OUTBOUND,W_20250701_1200,N,2025-07-01,3F_3,513,0
2025-07-01 00:19:17,OUTBOUND,W_20250702_0855,N,2025-07-01,3F_4,148,0
2025-07-01 00:21:11,OUTBOUND,W_20250701_1350,N,2025-07-01,3F_8,483,0
2025-07-01 00:32:55,OUTBOUND,W_20250701_1350,N,2025-07-01,2F_8,483,0
2025-07-01 00:38:32,OUTBOUND,W_20250701_1730,N,2025-07-01,2F_2,889,0
2025-07-01 00:34:15,OUTBOUND,W_20250701_1350,N,2025-07-01,2F_4,483,0
2025-07-01 00:34:02,OUTBOUND,W_20250701_1350,N,2025-07-01,2F_8,483,0
2025-07-01 00:21:31,OUTBOUND,W_20250701_1350,N,2025-07-01,3F_8,483,0
2025-07-01 00:18:54,INBOUND,RECEIVING_20250701,N,2025-07-01,3F_5,714,0
2025-07-01 00:20:41,OUTBOUND,W_20250701_1200,N,2025-07-01,3F_3,513,0
2025-07-01 00:25:20,OUTBOUND,W_20250701_1730,N,2025-07-01,3F_2,889,0
2025-07-01 00:22:09,OUTBOUND,W_20250701_1730,N,2025-07-01,2F_6,889,0
2025-07-01 00:20:37,OUTBOUND,W_20250701_1730,N,2025-07-01,3F_1,889,0
2025-07-01 00:23:49,OUTBOUND,W_20250701_1200,N,2025-07-01,2F_3,513,0
2025-07-01 00:21:31,OUTBOUND,W_20250701_1100,N,2025-07-01,3F_1,69,0
2025-07-01 00:24:09,OUTBOUND,W_20250701_1200,N,2025-07-01,2F_3,513,0
2025-07-01 00:30:12,INBOUND,RECEIVING_20250701,N,2025-07-01,2F_5,714,0
2025-07-01 00:34:35,OUTBOUND,W_20250701_1350,N,2025-07-01,2F_4,483,0
2025-07-01 00:16:52,OUTBOUND,W_20250701_1730,N,2025-07-01,3F_6,889,0
2025-07-01 00:25:55,OUTBOUND,W_20250701_1730,N,2025-07-01,3F_2,889,0
2025-07-01 00:22:34,OUTBOUND,W_20250701_1730,N,2025-07-01,2F_6,889,0
2025-07-01 00:20:34,OUTBOUND,W_20250701_1350,N,2025-07-01,3F_4,483,0
2025-07-01 00:21:51,OUTBOUND,W_20250701_1350,N,2025-07-01,3F_8,483,0
2025-07-01 00:34:55,OUTBOUND,W_20250701_1350,N,2025-07-01,2F_4,483,0
2025-07-01 00:39:07,OUTBOUND,W_20250701_1730,N,2025-07-01,2F_2,889,0
2025-07-01 00:34:22,OUTBOUND,W_20250701_1350,N,2025-07-01,2F_8,483,0
2025-07-01 00:39:27,OUTBOUND,W_20250701_1730,N,2025-07-01,2F_2,889,0
2025-07-01 00:35:15,OUTBOUND,W_20250701_1350,N,2025-07-01,2F_4,483,0
2025-07-01 00:36:30,OUTBOUND,W_20250701_1730,N,2025-07-01,2F_6,889,0
2025-07-01 00:37:37,OUTBOUND,W_20250701_1730,N,2025-07-01,2F_1,889,0
2025-07-01 00:37:57,OUTBOUND,W_20250701_1730,N,2025-07-01,2F_1,889,0
2025-07-01 00:21:51,OUTBOUND,W_20250701_1100,N,2025-07-01,3F_1,69,0
2025-07-01 00:17:12,OUTBOUND,W_20250701_1730,N,2025-07-01,3F_6,889,0
2025-07-01 00:26:30,OUTBOUND,W_20250701_1730,N,2025-07-01,3F_2,889,0
2025-07-01 00:21:04,OUTBOUND,W_20250702_0855,N,2025-07-01,3F_4,148,0
2025-07-01 00:21:11,OUTBOUND,W_20250701_1200,N,2025-07-01,3F_3,513,0
2025-07-01 00:20:31,INBOUND,RECEIVING_20250701,N,2025-07-01,3F_5,714,0
2025-07-01 00:22:11,OUTBOUND,W_20250701_1100,N,2025-07-01,3F_1,69,0
2025-07-01 00:39:52,OUTBOUND,W_20250701_1730,N,2025-07-01,2F_2,889,0
2025-07-01 00:24:34,OUTBOUND,W_20250701_1200,N,2025-07-01,2F_3,513,0
2025-07-01 00:25:12,OUTBOUND,W_20250701_1200,N,2025-07-01,2F_3,513,0
2025-07-01 00:36:50,OUTBOUND,W_20250701_1730,N,2025-07-01,2F_6,889,0
2025-07-01 00:25:37,OUTBOUND,W_20250701_1200,N,2025-07-01,2F_3,513,0
2025-07-01 00:34:37,INBOUND,RECEIVING_20250701,N,2025-07-01,2F_5,714,0
2025-07-01 00:35:35,OUTBOUND,W_20250701_1350,N,2025-07-01,2F_4,483,0
2025-07-01 00:21:24,OUTBOUND,W_20250702_0855,N,2025-07-01,3F_4,148,0
2025-07-01 00:20:34,OUTBOUND,W_20250701_1730,N,2025-07-01,3F_6,889,0
2025-07-01 00:24:19,INBOUND,RECEIVING_20250701,N,2025-07-01,3F_5,714,0
2025-07-01 00:37:20,OUTBOUND,W_20250701_1730,N,2025-07-01,2F_6,889,0
2025-07-01 00:36:00,OUTBOUND,W_20250701_1350,N,2025-07-01,2F_4,483,0
2025-07-01 00:35:08,OUTBOUND,W_20250701_1350,N,2025-07-01,2F_8,483,0
2025-07-01 00:37:41,OUTBOUND,W_20250701_1730,N,2025-07-01,2F_6,889,0
2025-07-01 00:38:44,INBOUND,RECEIVING_20250701,N,2025-07-01,2F_5,714,0
2025-07-01 00:38:53,OUTBOUND,W_20250702_0855,N,2025-07-01,2F_1,148,0
2025-07-01 00:21:31,OUTBOUND,W_20250701_1200,N,2025-07-01,3F_3,513,0
2025-07-01 00:20:54,OUTBOUND,W_20250701_1730,N,2025-07-01,3F_6,889,0
2025-07-01 00:21:14,OUTBOUND,W_20250701_1730,N,2025-07-01,3F_6,889,0
2025-07-01 00:21:51,OUTBOUND,W_20250701_1200,N,2025-07-01,3F_3,513,0
2025-07-01 00:22:11,OUTBOUND,W_20250701_1350,N,2025-07-01,3F_8,483,0
2025-07-01 00:22:09,OUTBOUND,W_20250701_1350,N,2025-07-01,3F_4,483,0
2025-07-01 00:35:28,OUTBOUND,W_20250701_1350,N,2025-07-01,2F_8,483,0
2025-07-01 00:40:12,OUTBOUND,W_20250701_1730,N,2025-07-01,2F_2,889,0
2025-07-01 00:39:09,INBOUND,RECEIVING_20250701,N,2025-07-01,2F_5,714,0
2025-07-01 00:26:36,OUTBOUND,W_20250701_1200,N,2025-07-01,2F_3,513,0
2025-07-01 00:39:18,OUTBOUND,W_20250701_1730,N,2025-07-01,2F_1,889,0
2025-07-01 00:29:57,OUTBOUND,W_20250701_1200,N,2025-07-01,2F_3,513,0
2025-07-01 00:38:01,OUTBOUND,W_20250701_1730,N,2025-07-01,2F_6,889,0
2025-07-01 00:32:39,OUTBOUND,W_20250701_1200,N,2025-07-01,2F_3,513,0
2025-07-01 00:39:39,INBOUND,RECEIVING_20250701,N,2025-07-01,2F_5,714,0
2025-07-01 00:39:38,OUTBOUND,W_20250701_1730,N,2025-07-01,2F_1,889,0
2025-07-01 00:22:29,OUTBOUND,W_20250701_1350,N,2025-07-01,3F_4,483,0
2025-07-01 00:24:39,INBOUND,RECEIVING_20250701,N,2025-07-01,3F_5,714,0
2025-07-01 00:22:31,OUTBOUND,W_20250701_1100,N,2025-07-01,3F_1,69,0
2025-07-01 00:35:48,OUTBOUND,W_20250701_1350,N,2025-07-01,2F_8,483,0
2025-07-01 00:38:26,OUTBOUND,W_20250701_1730,N,2025-07-01,2F_6,889,0
2025-07-01 00:36:56,OUTBOUND,W_20250701_1350,N,2025-07-01,2F_8,483,0
2025-07-01 00:39:53,OUTBOUND,W_20250701_1730,N,2025-07-01,2F_6,889,0
2025-07-01 00:40:11,INBOUND,RECEIVING_20250701,N,2025-07-01,2F_5,714,0
2025-07-01 00:26:55,OUTBOUND,W_20250701_1730,N,2025-07-01,3F_2,889,0
2025-07-01 00:22:16,OUTBOUND,W_20250701_1200,N,2025-07-01,3F_3,513,0
2025-07-01 00:27:25,OUTBOUND,W_20250701_1730,N,2025-07-01,3F_2,889,0
2025-07-01 00:22:31,OUTBOUND,W_20250701_1350,N,2025-07-01,3F_8,483,0
2025-07-01 00:25:29,INBOUND,RECEIVING_20250701,N,2025-07-01,3F_5,714,0
2025-07-01 00:22:51,OUTBOUND,W_20250701_1350,N,2025-07-01,3F_8,483,0
2025-07-01 00:22:41,OUTBOUND,W_20250701_1200,N,2025-07-01,3F_3,513,0
2025-07-01 00:23:11,OUTBOUND,W_20250702_0925,N,2025-07-01,3F_8,150,0
2025-07-01 00:23:11,OUTBOUND,W_20250701_1350,N,2025-07-01,3F_4,483,0
2025-07-01 00:25:15,OUTBOUND,W_20250701_1730,N,2025-07-01,3F_6,889,0
2025-07-01 00:39:58,OUTBOUND,W_20250701_1100,N,2025-07-01,2F_1,69,0
2025-07-01 00:36:20,OUTBOUND,W_20250701_1350,N,2025-07-01,2F_4,483,0
2025-07-01 00:40:47,OUTBOUND,W_20250701_1730,N,2025-07-01,2F_2,889,0
2025-07-01 00:41:07,OUTBOUND,W_20250701_1730,N,2025-07-01,2F_2,889,0
2025-07-01 00:35:43,OUTBOUND,W_20250701_1200,N,2025-07-01,2F_3,513,0
2025-07-01 00:37:18,OUTBOUND,W_20250701_1200,N,2025-07-01,2F_3,513,0
2025-07-01 00:40:36,INBOUND,RECEIVING_20250701,N,2025-07-01,2F_5,714,0
2025-07-01 00:40:18,OUTBOUND,W_20250701_1100,N,2025-07-01,2F_1,69,0
2025-07-01 00:28:55,OUTBOUND,W_20250701_1730,N,2025-07-01,3F_2,889,0
2025-07-01 00:22:51,OUTBOUND,W_20250701_1100,N,2025-07-01,3F_1,69,0
2025-07-01 00:23:01,OUTBOUND,W_20250701_1200,N,2025-07-01,3F_3,513,0
2025-07-01 00:26:09,INBOUND,RECEIVING_20250701,N,2025-07-01,3F_5,714,0
2025-07-01 00:23:32,OUTBOUND,W_20250701_1100,N,2025-07-01,3F_1,69,0
2025-07-01 00:24:49,OUTBOUND,W_20250701_1100,N,2025-07-01,3F_1,69,0
2025-07-01 00:41:27,OUTBOUND,W_20250701_1730,N,2025-07-01,2F_2,889,0
2025-07-01 00:36:40,OUTBOUND,W_20250701_1350,N,2025-07-01,2F_4,483,0
2025-07-01 00:38:38,OUTBOUND,W_20250701_1350,N,2025-07-01,2F_8,483,0
2025-07-01 00:25:35,OUTBOUND,W_20250701_1730,N,2025-07-01,3F_6,889,0
2025-07-01 00:23:56,OUTBOUND,W_20250701_1350,N,2025-07-01,3F_4,483,0
2025-07-01 00:27:38,OUTBOUND,W_20250701_1730,N,2025-07-01,3F_6,889,0
2025-07-01 00:37:38,OUTBOUND,W_20250701_1200,N,2025-07-01,2F_3,513,0
2025-07-01 00:38:17,OUTBOUND,W_20250701_1350,N,2025-07-01,2F_4,483,0
2025-07-01 00:40:38,OUTBOUND,W_20250701_1100,N,2025-07-01,2F_1,69,0
2025-07-01 00:40:58,OUTBOUND,W_20250701_1100,N,2025-07-01,2F_1,69,0
2025-07-01 00:30:35,OUTBOUND,W_20250701_1730,N,2025-07-01,3F_2,889,0
2025-07-01 00:26:34,INBOUND,RECEIVING_20250701,N,2025-07-01,3F_5,714,0
2025-07-01 00:24:16,OUTBOUND,W_20250701_1350,N,2025-07-01,3F_4,483,0
2025-07-01 00:23:28,OUTBOUND,W_20250701_1200,N,2025-07-01,3F_3,513,0
2025-07-01 00:26:54,INBOUND,RECEIVING_20250701,N,2025-07-01,3F_5,714,0
2025-07-01 00:27:58,OUTBOUND,W_20250701_1730,N,2025-07-01,3F_6,889,0
2025-07-01 00:37:58,OUTBOUND,W_20250701_1200,N,2025-07-01,2F_3,513,0
2025-07-01 00:38:58,OUTBOUND,W_20250701_1350,N,2025-07-01,2F_8,483,0
2025-07-01 00:41:06,INBOUND,RECEIVING_20250701,N,2025-07-01,2F_5,714,0
2025-07-01 00:39:04,OUTBOUND,W_20250701_1350,N,2025-07-01,2F_4,483,0
2025-07-01 00:40:11,OUTBOUND,W_20250701_1350,N,2025-07-01,2F_8,483,0
2025-07-01 00:42:52,OUTBOUND,W_20250701_1730,N,2025-07-01,2F_2,889,0
2025-07-01 00:24:36,OUTBOUND,W_20250701_1350,N,2025-07-01,3F_4,483,0
2025-07-01 00:23:31,OUTBOUND,W_20250702_0925,N,2025-07-01,3F_8,150,0
2025-07-01 00:28:18,OUTBOUND,W_20250701_1730,N,2025-07-01,3F_6,889,0
2025-07-01 00:23:51,OUTBOUND,W_20250702_0925,N,2025-07-01,3F_8,150,0
2025-07-01 00:25:09,OUTBOUND,W_20250701_1100,N,2025-07-01,3F_1,69,0
2025-07-01 00:28:22,OUTBOUND,W_20250701_1350,N,2025-07-01,3F_4,483,0
2025-07-01 00:40:13,OUTBOUND,W_20250701_1730,N,2025-07-01,2F_6,889,0
2025-07-01 00:40:31,OUTBOUND,W_20250701_1350,N,2025-07-01,2F_8,483,0
2025-07-01 00:40:33,OUTBOUND,W_20250701_1730,N,2025-07-01,2F_6,889,0
2025-07-01 00:39:24,OUTBOUND,W_20250701_1350,N,2025-07-01,2F_4,483,0
2025-07-01 00:40:55,OUTBOUND,W_20250701_1730,N,2025-07-01,2F_6,889,0
2025-07-01 00:41:19,OUTBOUND,W_20250701_1100,N,2025-07-01,2F_1,69,0
2025-07-01 00:24:11,OUTBOUND,W_20250702_0925,N,2025-07-01,3F_8,150,0
2025-07-01 00:27:14,INBOUND,RECEIVING_20250701,N,2025-07-01,3F_5,714,0
2025-07-01 00:23:48,OUTBOUND,W_20250701_1200,N,2025-07-01,3F_3,513,0
2025-07-01 00:24:08,OUTBOUND,W_20250701_1200,N,2025-07-01,3F_3,513,0
2025-07-01 00:28:47,OUTBOUND,W_20250701_1350,N,2025-07-01,3F_4,483,0
2025-07-01 00:27:34,INBOUND,RECEIVING_20250701,N,2025-07-01,3F_5,714,0
2025-07-01 00:27:59,INBOUND,RECEIVING_20250701,N,2025-07-01,3F_5,714,0
2025-07-01 00:31:00,OUTBOUND,W_20250701_1730,N,2025-07-01,3F_2,889,0
2025-07-01 00:41:26,INBOUND,RECEIVING_20250701,N,2025-07-01,2F_5,714,0
2025-07-01 00:43:12,OUTBOUND,W_20250701_1730,N,2025-07-01,2F_2,889,0
2025-07-01 00:39:44,OUTBOUND,W_20250701_1350,N,2025-07-01,2F_4,483,0
2025-07-01 00:41:44,OUTBOUND,W_20250701_1100,N,2025-07-01,2F_1,69,0
2025-07-01 00:41:51,INBOUND,RECEIVING_20250701,N,2025-07-01,2F_5,714,0
2025-07-01 00:39:05,OUTBOUND,W_20250701_1200,N,2025-07-01,2F_3,513,0
2025-07-01 00:42:11,INBOUND,RECEIVING_20250701,N,2025-07-01,2F_5,714,0
2025-07-01 00:43:37,OUTBOUND,W_20250701_1730,N,2025-07-01,2F_2,889,0
2025-07-01 00:41:38,OUTBOUND,W_20250701_1200,N,2025-07-01,2F_3,513,0
2025-07-01 00:41:44,OUTBOUND,W_20250701_1350,N,2025-07-01,2F_8,483,0
2025-07-01 00:32:55,OUTBOUND,W_20250701_1730,N,2025-07-01,3F_2,889,0
2025-07-01 00:24:31,OUTBOUND,W_20250702_0925,N,2025-07-01,3F_8,150,0
2025-07-01 00:29:07,OUTBOUND,W_20250701_1350,N,2025-07-01,3F_4,483,0
2025-07-01 00:41:15,OUTBOUND,W_20250701_1730,N,2025-07-01,2F_6,889,0
2025-07-01 00:42:04,OUTBOUND,W_20250701_1350,N,2025-07-01,2F_8,483,0
2025-07-01 00:42:04,OUTBOUND,W_20250701_1100,N,2025-07-01,2F_1,69,0
2025-07-01 00:41:58,OUTBOUND,W_20250701_1730,N,2025-07-01,2F_6,889,0
2025-07-01 00:42:24,OUTBOUND,W_20250701_1100,N,2025-07-01,2F_1,69,0
2025-07-01 00:25:29,OUTBOUND,W_20250701_1100,N,2025-07-01,3F_1,69,0
2025-07-01 00:25:49,OUTBOUND,W_20250701_1100,N,2025-07-01,3F_1,69,0
2025-07-01 00:25:11,OUTBOUND,W_20250701_1200,N,2025-07-01,3F_3,513,0
2025-07-01 00:29:27,OUTBOUND,W_20250701_1350,N,2025-07-01,3F_4,483,0
2025-07-01 00:42:31,INBOUND,RECEIVING_20250701,N,2025-07-01,2F_5,714,0
2025-07-01 00:41:58,OUTBOUND,W_20250701_1200,N,2025-07-01,2F_3,513,0
2025-07-01 00:42:23,OUTBOUND,W_20250701_1200,N,2025-07-01,2F_3,513,0
2025-07-01 00:42:24,OUTBOUND,W_20250701_1350,N,2025-07-01,2F_8,483,0
2025-07-01 00:42:43,OUTBOUND,W_20250701_1730,N,2025-07-01,2F_3,889,0
2025-07-01 00:28:38,OUTBOUND,W_20250701_1730,N,2025-07-01,3F_6,889,0
2025-07-01 00:24:51,OUTBOUND,W_20250702_0925,N,2025-07-01,3F_8,150,0
2025-07-01 00:25:31,OUTBOUND,W_20250701_1200,N,2025-07-01,3F_3,513,0
2025-07-01 00:33:15,OUTBOUND,W_20250701_1730,N,2025-07-01,3F_2,889,0
2025-07-01 00:29:52,OUTBOUND,W_20250701_1350,N,2025-07-01,3F_4,483,0
2025-07-01 00:28:58,OUTBOUND,W_20250701_1730,N,2025-07-01,3F_6,889,0
2025-07-01 00:44:02,OUTBOUND,W_20250701_1730,N,2025-07-01,2F_2,889,0
2025-07-01 00:43:10,OUTBOUND,W_20250701_1100,N,2025-07-01,2F_1,69,0
2025-07-01 00:25:51,OUTBOUND,W_20250701_1200,N,2025-07-01,3F_3,513,0
2025-07-01 00:25:16,OUTBOUND,W_20250702_0925,N,2025-07-01,3F_8,150,0
2025-07-01 00:26:09,OUTBOUND,W_20250701_1100,N,2025-07-01,3F_1,69,0
2025-07-01 00:26:29,OUTBOUND,W_20250701_1100,N,2025-07-01,3F_1,69,0
2025-07-01 00:29:18,OUTBOUND,W_20250701_1730,N,2025-07-01,3F_6,889,0
2025-07-01 00:30:22,OUTBOUND,W_20250701_1350,N,2025-07-01,3F_4,483,0
2025-07-01 00:42:18,OUTBOUND,W_20250701_1730,N,2025-07-01,2F_6,889,0
2025-07-01 00:44:27,OUTBOUND,W_20250701_1730,N,2025-07-01,2F_2,889,0
2025-07-01 00:44:57,OUTBOUND,W_20250701_1730,N,2025-07-01,2F_2,889,0
2025-07-01 00:26:11,OUTBOUND,W_20250701_1200,N,2025-07-01,3F_3,513,0
2025-07-01 00:28:29,INBOUND,RECEIVING_20250701,N,2025-07-01,3F_5,714,0
2025-07-01 00:34:20,OUTBOUND,W_20250701_1730,N,2025-07-01,3F_2,889,0
2025-07-01 00:30:42,OUTBOUND,W_20250701_1350,N,2025-07-01,3F_4,483,0
2025-07-01 00:28:49,INBOUND,RECEIVING_20250701,N,2025-07-01,3F_5,714,0
2025-07-01 00:29:14,INBOUND,RECEIVING_20250701,N,2025-07-01,3F_5,714,0
2025-07-01 00:43:30,OUTBOUND,W_20250701_1100,N,2025-07-01,2F_1,69,0
2025-07-01 00:42:51,INBOUND,RECEIVING_20250701,N,2025-07-01,2F_5,714,0
2025-07-01 00:43:11,INBOUND,RECEIVING_20250701,N,2025-07-01,2F_5,714,0
2025-07-01 00:42:44,OUTBOUND,W_20250701_1350,N,2025-07-01,2F_8,483,0
2025-07-01 00:43:04,OUTBOUND,W_20250701_1350,N,2025-07-01,2F_8,483,0
2025-07-01 00:45:32,OUTBOUND,W_20250701_1730,N,2025-07-01,2F_2,889,0
2025-07-01 00:25:36,OUTBOUND,W_20250702_0925,N,2025-07-01,3F_8,150,0
2025-07-01 00:35:00,OUTBOUND,W_20250701_1730,N,2025-07-01,3F_2,889,0
2025-07-01 00:31:02,OUTBOUND,W_20250701_1350,N,2025-07-01,3F_4,483,0
2025-07-01 00:30:34,OUTBOUND,W_20250701_1100,N,2025-07-01,3F_1,69,0
2025-07-01 00:42:38,OUTBOUND,W_20250701_1730,N,2025-07-01,2F_6,889,0
2025-07-01 00:42:58,OUTBOUND,W_20250701_1730,N,2025-07-01,2F_6,889,0
2025-07-01 00:43:50,OUTBOUND,W_20250701_1100,N,2025-07-01,2F_1,69,0
2025-07-01 00:43:18,OUTBOUND,W_20250701_1730,N,2025-07-01,2F_6,889,0
2025-07-01 00:29:43,OUTBOUND,W_20250701_1730,N,2025-07-01,3F_6,889,0
2025-07-01 00:26:31,OUTBOUND,W_20250701_1200,N,2025-07-01,3F_3,513,0
2025-07-01 00:30:54,OUTBOUND,W_20250701_1100,N,2025-07-01,3F_1,69,0
2025-07-01 00:31:22,OUTBOUND,W_20250701_1350,N,2025-07-01,3F_4,483,0
2025-07-01 00:35:25,OUTBOUND,W_20250701_1730,N,2025-07-01,3F_2,889,0
2025-07-01 00:43:36,INBOUND,RECEIVING_20250701,N,2025-07-01,2F_5,714,0
2025-07-01 00:43:29,OUTBOUND,W_20250702_0925,N,2025-07-01,2F_8,150,0
2025-07-01 00:43:03,OUTBOUND,W_20250701_1730,N,2025-07-01,2F_3,889,0
2025-07-01 00:43:49,OUTBOUND,W_20250702_0925,N,2025-07-01,2F_8,150,0
2025-07-01 00:43:23,OUTBOUND,W_20250701_1200,N,2025-07-01,2F_3,513,0
2025-07-01 00:43:43,OUTBOUND,W_20250701_1200,N,2025-07-01,2F_3,513,0
2025-07-01 00:45:57,OUTBOUND,W_20250701_1730,N,2025-07-01,2F_2,889,0
2025-07-01 00:35:50,OUTBOUND,W_20250701_1730,N,2025-07-01,3F_2,889,0
2025-07-01 00:25:56,OUTBOUND,W_20250701_1350,N,2025-07-01,3F_8,483,0
2025-07-01 00:27:31,OUTBOUND,W_20250701_1350,N,2025-07-01,3F_8,483,0
2025-07-01 00:30:03,OUTBOUND,W_20250701_1730,N,2025-07-01,3F_6,889,0
2025-07-01 00:32:09,OUTBOUND,W_20250701_1100,N,2025-07-01,3F_1,69,0
2025-07-01 00:44:43,OUTBOUND,W_20250701_1100,N,2025-07-01,2F_1,69,0
2025-07-01 00:27:51,OUTBOUND,W_20250701_1350,N,2025-07-01,3F_8,483,0
2025-07-01 00:26:51,OUTBOUND,W_20250701_1200,N,2025-07-01,3F_3,513,0
2025-07-01 00:30:28,OUTBOUND,W_20250701_1730,N,2025-07-01,3F_6,889,0
2025-07-01 00:27:32,OUTBOUND,W_20250701_1200,N,2025-07-01,3F_3,513,0
2025-07-01 00:31:42,OUTBOUND,W_20250701_1350,N,2025-07-01,3F_4,483,0
2025-07-01 00:32:29,OUTBOUND,W_20250701_1100,N,2025-07-01,3F_1,69,0
2025-07-01 00:32:49,OUTBOUND,W_20250701_1100,N,2025-07-01,3F_1,69,0
2025-07-01 00:45:03,OUTBOUND,W_20250701_1100,N,2025-07-01,2F_1,69,0
2025-07-01 00:44:14,OUTBOUND,W_20250702_0925,N,2025-07-01,2F_8,150,0
2025-07-01 00:46:52,OUTBOUND,W_20250701_1730,N,2025-07-01,2F_2,889,0
2025-07-01 00:47:37,OUTBOUND,W_20250701_1730,N,2025-07-01,2F_2,889,0
2025-07-01 00:44:03,OUTBOUND,W_20250701_1200,N,2025-07-01,2F_3,513,0
2025-07-01 00:47:57,OUTBOUND,W_20250701_1730,N,2025-07-01,2F_2,889,0
2025-07-01 00:45:22,OUTBOUND,W_20250701_1200,N,2025-07-01,2F_3,513,0
2025-07-01 00:30:48,OUTBOUND,W_20250701_1730,N,2025-07-01,3F_6,889,0
2025-07-01 00:27:57,OUTBOUND,W_20250701_1200,N,2025-07-01,3F_3,513,0
2025-07-01 00:29:34,INBOUND,RECEIVING_20250701,N,2025-07-01,3F_5,714,0
2025-07-01 00:30:24,INBOUND,RECEIVING_20250701,N,2025-07-01,3F_5,714,0
2025-07-01 00:30:44,INBOUND,RECEIVING_20250701,N,2025-07-01,3F_5,714,0
2025-07-01 00:28:40,OUTBOUND,W_20250701_1350,N,2025-07-01,3F_8,483,0
2025-07-01 00:31:08,OUTBOUND,W_20250701_1730,N,2025-07-01,3F_6,889,0
2025-07-01 00:44:01,INBOUND,RECEIVING_20250701,N,2025-07-01,2F_5,714,0
2025-07-01 00:44:26,INBOUND,RECEIVING_20250701,N,2025-07-01,2F_5,714,0
2025-07-01 00:44:34,OUTBOUND,W_20250702_0925,N,2025-07-01,2F_8,150,0
2025-07-01 00:45:05,OUTBOUND,W_20250701_1730,N,2025-07-01,2F_6,889,0
2025-07-01 00:36:35,OUTBOUND,W_20250701_1730,N,2025-07-01,3F_2,889,0
2025-07-01 00:29:00,OUTBOUND,W_20250701_1350,N,2025-07-01,3F_8,483,0
2025-07-01 00:28:39,OUTBOUND,W_20250701_1200,N,2025-07-01,3F_3,513,0
2025-07-01 00:33:09,OUTBOUND,W_20250701_1100,N,2025-07-01,3F_1,69,0
2025-07-01 00:31:02,OUTBOUND,W_20250701_1200,N,2025-07-01,3F_3,513,0
2025-07-01 00:32:02,OUTBOUND,W_20250701_1350,N,2025-07-01,3F_4,483,0
2025-07-01 00:45:25,OUTBOUND,W_20250701_1730,N,2025-07-01,2F_6,889,0
2025-07-01 00:45:23,OUTBOUND,W_20250701_1100,N,2025-07-01,2F_1,69,0
2025-07-01 00:45:50,OUTBOUND,W_20250701_1730,N,2025-07-01,2F_6,889,0
2025-07-01 00:48:17,OUTBOUND,W_20250701_1730,N,2025-07-01,2F_2,889,0
2025-07-01 00:45:42,OUTBOUND,W_20250701_1200,N,2025-07-01,2F_3,513,0
2025-07-01 00:48:37,OUTBOUND,W_20250701_1730,N,2025-07-01,2F_2,889,0
2025-07-01 00:32:22,OUTBOUND,W_20250701_1350,N,2025-07-01,3F_4,483,0
2025-07-01 00:31:44,INBOUND,RECEIVING_20250701,N,2025-07-01,3F_5,714,0
2025-07-01 00:31:33,OUTBOUND,W_20250701_1730,N,2025-07-01,3F_6,889,0
2025-07-01 00:37:10,OUTBOUND,W_20250701_1730,N,2025-07-01,3F_2,889,0
2025-07-01 00:31:12,OUTBOUND,W_20250701_1350,N,2025-07-01,3F_8,483,0
2025-07-01 00:44:46,INBOUND,RECEIVING_20250701,N,2025-07-01,2F_5,714,0
2025-07-01 00:46:02,OUTBOUND,W_20250702_0855,N,2025-07-01,2F_3,148,0
2025-07-01 00:44:54,OUTBOUND,W_20250702_0925,N,2025-07-01,2F_8,150,0
2025-07-01 00:45:26,INBOUND,RECEIVING_20250701,N,2025-07-01,2F_5,714,0
2025-07-01 00:46:10,OUTBOUND,W_20250701_1730,N,2025-07-01,2F_6,889,0
2025-07-01 00:31:32,OUTBOUND,W_20250701_1350,N,2025-07-01,3F_8,483,0
2025-07-01 00:31:58,OUTBOUND,W_20250701_1730,N,2025-07-01,3F_6,889,0
2025-07-01 00:31:22,OUTBOUND,W_20250701_1200,N,2025-07-01,3F_3,513,0
2025-07-01 00:38:05,OUTBOUND,W_20250701_1730,N,2025-07-01,3F_2,889,0
2025-07-01 00:32:04,OUTBOUND,W_20250701_1200,N,2025-07-01,3F_3,513,0
2025-07-01 00:33:29,OUTBOUND,W_20250701_1100,N,2025-07-01,3F_1,69,0
2025-07-01 00:46:30,OUTBOUND,W_20250701_1730,N,2025-07-01,2F_6,889,0
2025-07-01 00:45:43,OUTBOUND,W_20250701_1100,N,2025-07-01,2F_1,69,0
2025-07-01 00:49:02,OUTBOUND,W_20250701_1730,N,2025-07-01,2F_2,889,0
2025-07-01 00:46:03,OUTBOUND,W_20250701_1100,N,2025-07-01,2F_1,69,0
2025-07-01 00:32:42,OUTBOUND,W_20250701_1350,N,2025-07-01,3F_4,483,0
2025-07-01 00:32:19,INBOUND,RECEIVING_20250701,N,2025-07-01,3F_5,714,0
2025-07-01 00:33:17,OUTBOUND,W_20250701_1350,N,2025-07-01,3F_4,483,0
2025-07-01 00:32:08,OUTBOUND,W_20250701_1350,N,2025-07-01,3F_8,483,0
2025-07-01 00:36:53,OUTBOUND,W_20250701_1100,N,2025-07-01,3F_1,69,0
2025-07-01 00:45:14,OUTBOUND,W_20250702_0925,N,2025-07-01,2F_8,150,0
2025-07-01 00:46:23,OUTBOUND,W_20250701_1100,N,2025-07-01,2F_1,69,0
2025-07-01 00:45:46,INBOUND,RECEIVING_20250701,N,2025-07-01,2F_5,714,0
2025-07-01 00:49:27,OUTBOUND,W_20250701_1730,N,2025-07-01,2F_2,889,0
2025-07-01 00:46:22,OUTBOUND,W_20250701_1200,N,2025-07-01,2F_3,513,0
2025-07-01 00:45:34,OUTBOUND,W_20250702_0925,N,2025-07-01,2F_8,150,0
2025-07-01 00:32:24,OUTBOUND,W_20250701_1200,N,2025-07-01,3F_3,513,0
2025-07-01 00:32:28,OUTBOUND,W_20250701_1350,N,2025-07-01,3F_8,483,0
2025-07-01 00:32:44,OUTBOUND,W_20250701_1200,N,2025-07-01,3F_3,513,0
2025-07-01 00:32:39,INBOUND,RECEIVING_20250701,N,2025-07-01,3F_5,714,0
2025-07-01 00:33:14,INBOUND,RECEIVING_20250701,N,2025-07-01,3F_5,714,0
2025-07-01 00:39:10,OUTBOUND,W_20250701_1730,N,2025-07-01,3F_2,889,0
2025-07-01 00:46:11,INBOUND,RECEIVING_20250701,N,2025-07-01,2F_5,714,0
2025-07-01 00:45:54,OUTBOUND,W_20250702_0925,N,2025-07-01,2F_8,150,0
2025-07-01 00:46:43,OUTBOUND,W_20250701_1100,N,2025-07-01,2F_1,69,0
2025-07-01 00:39:45,OUTBOUND,W_20250701_1730,N,2025-07-01,3F_2,889,0
2025-07-01 00:33:42,OUTBOUND,W_20250701_1350,N,2025-07-01,3F_4,483,0
2025-07-01 00:37:13,OUTBOUND,W_20250701_1100,N,2025-07-01,3F_1,69,0
2025-07-01 00:46:14,OUTBOUND,W_20250702_0925,N,2025-07-01,2F_8,150,0
2025-07-01 00:46:50,OUTBOUND,W_20250701_1730,N,2025-07-01,2F_6,889,0
2025-07-01 00:46:42,OUTBOUND,W_20250701_1200,N,2025-07-01,2F_3,513,0
2025-07-01 00:50:12,OUTBOUND,W_20250701_1730,N,2025-07-01,2F_2,889,0
2025-07-01 00:47:02,OUTBOUND,W_20250701_1200,N,2025-07-01,2F_3,513,0
2025-07-01 00:33:04,OUTBOUND,W_20250701_1200,N,2025-07-01,3F_3,513,0
2025-07-01 00:32:48,OUTBOUND,W_20250701_1350,N,2025-07-01,3F_8,483,0
2025-07-01 00:40:05,OUTBOUND,W_20250701_1730,N,2025-07-01,3F_2,889,0
2025-07-01 00:41:05,OUTBOUND,W_20250701_1730,N,2025-07-01,3F_2,889,0
2025-07-01 00:33:44,INBOUND,RECEIVING_20250701,N,2025-07-01,3F_5,714,0
2025-07-01 00:34:14,INBOUND,RECEIVING_20250701,N,2025-07-01,3F_5,714,0
2025-07-01 00:47:22,OUTBOUND,W_20250701_1200,N,2025-07-01,2F_3,513,0
2025-07-01 00:46:36,INBOUND,RECEIVING_20250701,N,2025-07-01,2F_5,714,0
2025-07-01 00:47:10,OUTBOUND,W_20250701_1730,N,2025-07-01,2F_6,889,0
2025-07-01 00:50:42,OUTBOUND,W_20250701_1730,N,2025-07-01,2F_2,889,0
2025-07-01 00:33:08,OUTBOUND,W_20250701_1350,N,2025-07-01,3F_8,483,0
2025-07-01 00:32:18,OUTBOUND,W_20250701_1730,N,2025-07-01,3F_6,889,0
2025-07-01 00:32:38,OUTBOUND,W_20250701_1730,N,2025-07-01,3F_6,889,0
2025-07-01 00:33:03,OUTBOUND,W_20250701_1730,N,2025-07-01,3F_6,889,0
2025-07-01 00:47:03,OUTBOUND,W_20250701_1100,N,2025-07-01,2F_1,69,0
2025-07-01 00:37:33,OUTBOUND,W_20250701_1100,N,2025-07-01,3F_1,69,0
2025-07-01 00:34:02,OUTBOUND,W_20250701_1350,N,2025-07-01,3F_4,483,0
2025-07-01 00:34:22,OUTBOUND,W_20250701_1200,N,2025-07-01,3F_3,513,0
2025-07-01 00:47:30,OUTBOUND,W_20250701_1730,N,2025-07-01,2F_6,889,0
2025-07-01 00:47:50,OUTBOUND,W_20250701_1730,N,2025-07-01,2F_6,889,0
2025-07-01 00:47:47,OUTBOUND,W_20250701_1200,N,2025-07-01,2F_3,513,0
2025-07-01 00:50:46,OUTBOUND,W_20250701_1100,N,2025-07-01,2F_1,69,0
2025-07-01 00:34:34,INBOUND,RECEIVING_20250701,N,2025-07-01,3F_5,714,0
2025-07-01 00:34:22,OUTBOUND,W_20250701_1350,N,2025-07-01,3F_4,483,0
2025-07-01 00:35:04,INBOUND,RECEIVING_20250701,N,2025-07-01,3F_5,714,0
2025-07-01 00:34:42,OUTBOUND,W_20250701_1200,N,2025-07-01,3F_3,513,0
2025-07-01 00:34:56,OUTBOUND,W_20250701_1350,N,2025-07-01,3F_8,483,0
2025-07-01 00:39:17,OUTBOUND,W_20250701_1100,N,2025-07-01,3F_1,69,0
2025-07-01 00:51:02,OUTBOUND,W_20250701_1730,N,2025-07-01,2F_2,889,0
2025-07-01 00:51:06,OUTBOUND,W_20250701_1100,N,2025-07-01,2F_1,69,0
2025-07-01 00:46:56,INBOUND,RECEIVING_20250701,N,2025-07-01,2F_5,714,0
2025-07-01 00:51:27,OUTBOUND,W_20250701_1730,N,2025-07-01,2F_2,889,0
2025-07-01 00:34:42,OUTBOUND,W_20250701_1350,N,2025-07-01,3F_4,483,0
2025-07-01 00:35:02,OUTBOUND,W_20250701_1200,N,2025-07-01,3F_3,513,0
2025-07-01 00:41:40,OUTBOUND,W_20250701_1730,N,2025-07-01,3F_2,889,0
2025-07-01 00:35:02,OUTBOUND,W_20250701_1350,N,2025-07-01,3F_4,483,0
2025-07-01 00:35:16,OUTBOUND,W_20250701_1350,N,2025-07-01,3F_8,483,0
2025-07-01 00:34:59,OUTBOUND,W_20250701_1730,N,2025-07-01,3F_6,889,0
2025-07-01 00:35:19,OUTBOUND,W_20250701_1730,N,2025-07-01,3F_6,889,0
2025-07-01 00:35:44,OUTBOUND,W_20250701_1730,N,2025-07-01,3F_6,889,0
2025-07-01 00:35:27,OUTBOUND,W_20250701_1200,N,2025-07-01,3F_3,513,0
2025-07-01 00:47:31,INBOUND,RECEIVING_20250701,N,2025-07-01,2F_5,714,0
2025-07-01 00:48:07,OUTBOUND,W_20250701_1200,N,2025-07-01,2F_3,513,0
2025-07-01 00:48:27,OUTBOUND,W_20250701_1200,N,2025-07-01,2F_3,513,0
2025-07-01 00:48:10,OUTBOUND,W_20250701_1730,N,2025-07-01,2F_6,889,0
2025-07-01 00:35:36,OUTBOUND,W_20250701_1350,N,2025-07-01,3F_8,483,0
2025-07-01 00:39:37,OUTBOUND,W_20250701_1100,N,2025-07-01,3F_1,69,0
2025-07-01 00:42:00,OUTBOUND,W_20250701_1730,N,2025-07-01,3F_2,889,0
2025-07-01 00:35:47,OUTBOUND,W_20250701_1200,N,2025-07-01,3F_3,513,0
2025-07-01 00:35:34,INBOUND,RECEIVING_20250701,N,2025-07-01,3F_5,714,0
2025-07-01 00:39:57,OUTBOUND,W_20250701_1130,N,2025-07-01,3F_1,2,0
2025-07-01 00:48:52,OUTBOUND,W_20250701_1200,N,2025-07-01,2F_3,513,0
2025-07-01 00:51:47,OUTBOUND,W_20250701_1730,N,2025-07-01,2F_2,889,0
2025-07-01 00:47:51,INBOUND,RECEIVING_20250701,N,2025-07-01,2F_5,714,0
2025-07-01 00:42:35,OUTBOUND,W_20250701_1730,N,2025-07-01,3F_2,889,0
2025-07-01 00:35:54,INBOUND,RECEIVING_20250701,N,2025-07-01,3F_5,714,0
2025-07-01 00:35:22,OUTBOUND,W_20250701_1350,N,2025-07-01,3F_4,483,0
2025-07-01 00:43:05,OUTBOUND,W_20250701_1730,N,2025-07-01,3F_2,889,0
2025-07-01 00:36:07,OUTBOUND,W_20250701_1200,N,2025-07-01,3F_3,513,0
2025-07-01 00:37:55,OUTBOUND,W_20250701_1730,N,2025-07-01,3F_6,889,0
2025-07-01 00:48:30,OUTBOUND,W_20250701_1730,N,2025-07-01,2F_6,889,0
2025-07-01 00:48:16,INBOUND,RECEIVING_20250701,N,2025-07-01,2F_5,714,0
2025-07-01 00:49:12,OUTBOUND,W_20250701_1200,N,2025-07-01,2F_3,513,0
2025-07-01 00:40:17,OUTBOUND,W_20250701_1100,N,2025-07-01,3F_1,69,0
2025-07-01 00:36:27,OUTBOUND,W_20250701_1200,N,2025-07-01,3F_3,513,0
2025-07-01 00:35:56,OUTBOUND,W_20250701_1350,N,2025-07-01,3F_8,483,0
2025-07-01 00:43:55,OUTBOUND,W_20250701_1730,N,2025-07-01,3F_2,889,0
2025-07-01 00:51:26,OUTBOUND,W_20250701_1100,N,2025-07-01,2F_1,69,0
2025-07-01 00:48:50,OUTBOUND,W_20250701_1730,N,2025-07-01,2F_6,889,0
2025-07-01 00:48:36,INBOUND,RECEIVING_20250701,N,2025-07-01,2F_5,714,0
2025-07-01 00:51:46,OUTBOUND,W_20250701_1100,N,2025-07-01,2F_1,69,0
2025-07-01 00:44:15,OUTBOUND,W_20250701_1730,N,2025-07-01,3F_2,889,0
2025-07-01 00:35:42,OUTBOUND,W_20250701_1350,N,2025-07-01,3F_4,483,0
2025-07-01 00:36:39,INBOUND,RECEIVING_20250701,N,2025-07-01,3F_5,714,0
2025-07-01 00:36:02,OUTBOUND,W_20250701_1350,N,2025-07-01,3F_4,483,0
2025-07-01 00:36:54,OUTBOUND,W_20250701_1200,N,2025-07-01,3F_3,513,0
2025-07-01 00:39:17,OUTBOUND,W_20250701_1730,N,2025-07-01,3F_6,889,0
2025-07-01 00:53:17,OUTBOUND,W_20250701_1730,N,2025-07-01,2F_2,889,0
2025-07-01 00:53:37,OUTBOUND,W_20250701_1730,N,2025-07-01,2F_2,889,0
2025-07-01 00:52:06,OUTBOUND,W_20250701_1100,N,2025-07-01,2F_1,69,0
2025-07-01 00:49:20,OUTBOUND,W_20250701_1730,N,2025-07-01,2F_6,889,0
2025-07-01 00:40:37,OUTBOUND,W_20250701_1350,N,2025-07-01,3F_1,483,0
2025-07-01 00:36:22,OUTBOUND,W_20250701_1350,N,2025-07-01,3F_4,483,0
2025-07-01 00:39:37,OUTBOUND,W_20250701_1730,N,2025-07-01,3F_6,889,0
2025-07-01 00:36:16,OUTBOUND,W_20250701_1350,N,2025-07-01,3F_8,483,0
2025-07-01 00:37:14,OUTBOUND,W_20250701_1200,N,2025-07-01,3F_3,513,0
2025-07-01 00:37:19,OUTBOUND,W_20250701_1350,N,2025-07-01,3F_8,483,0
2025-07-01 00:44:45,OUTBOUND,W_20250701_1730,N,2025-07-01,3F_2,889,0
2025-07-01 00:39:57,OUTBOUND,W_20250701_1730,N,2025-07-01,3F_6,889,0
2025-07-01 00:52:26,OUTBOUND,W_20250701_1100,N,2025-07-01,2F_1,69,0
2025-07-01 00:48:56,INBOUND,RECEIVING_20250701,N,2025-07-01,2F_5,714,0
2025-07-01 00:49:32,OUTBOUND,W_20250701_1200,N,2025-07-01,2F_3,513,0
2025-07-01 00:53:54,OUTBOUND,W_20250701_1100,N,2025-07-01,2F_1,69,0
2025-07-01 00:37:39,OUTBOUND,W_20250701_1350,N,2025-07-01,3F_8,483,0
2025-07-01 00:36:59,INBOUND,RECEIVING_20250701,N,2025-07-01,3F_5,714,0
2025-07-01 00:45:05,OUTBOUND,W_20250701_1730,N,2025-07-01,3F_2,889,0
2025-07-01 00:37:10,OUTBOUND,W_20250701_1350,N,2025-07-01,3F_4,483,0
2025-07-01 00:37:19,INBOUND,RECEIVING_20250701,N,2025-07-01,3F_5,714,0
2025-07-01 00:37:31,OUTBOUND,W_20250701_1350,N,2025-07-01,3F_4,483,0
2025-07-01 00:37:50,OUTBOUND,W_20250701_1200,N,2025-07-01,3F_3,513,0
2025-07-01 00:41:24,OUTBOUND,W_20250701_1350,N,2025-07-01,3F_1,483,0
2025-07-01 00:41:51,OUTBOUND,W_20250701_1730,N,2025-07-01,3F_6,889,0
2025-07-01 00:49:57,OUTBOUND,W_20250701_1200,N,2025-07-01,2F_3,513,0
2025-07-01 00:54:37,OUTBOUND,W_20250701_1730,N,2025-07-01,2F_2,889,0
2025-07-01 00:54:14,OUTBOUND,W_20250701_1100,N,2025-07-01,2F_1,69,0
2025-07-01 00:41:49,OUTBOUND,W_20250701_1350,N,2025-07-01,3F_1,483,0
2025-07-01 00:45:45,OUTBOUND,W_20250701_1730,N,2025-07-01,3F_2,889,0
2025-07-01 00:37:49,INBOUND,RECEIVING_20250701,N,2025-07-01,3F_5,714,0
2025-07-01 00:42:11,OUTBOUND,W_20250701_1730,N,2025-07-01,3F_6,889,0
2025-07-01 00:42:36,OUTBOUND,W_20250701_1730,N,2025-07-01,3F_6,889,0
2025-07-01 00:38:37,OUTBOUND,W_20250701_1200,N,2025-07-01,3F_3,513,0
2025-07-01 00:49:40,OUTBOUND,W_20250701_1730,N,2025-07-01,2F_6,889,0
2025-07-01 00:50:17,OUTBOUND,W_20250701_1200,N,2025-07-01,2F_3,513,0
2025-07-01 00:49:21,INBOUND,RECEIVING_20250701,N,2025-07-01,2F_5,714,0
2025-07-01 00:54:34,OUTBOUND,W_20250701_1100,N,2025-07-01,2F_1,69,0
2025-07-01 00:49:56,INBOUND,RECEIVING_20250701,N,2025-07-01,2F_5,714,0
2025-07-01 00:54:54,OUTBOUND,W_20250701_1100,N,2025-07-01,2F_1,69,0
2025-07-01 00:38:57,OUTBOUND,W_20250701_1200,N,2025-07-01,3F_3,513,0
2025-07-01 00:37:59,OUTBOUND,W_20250701_1350,N,2025-07-01,3F_8,483,0
2025-07-01 00:46:05,OUTBOUND,W_20250701_1730,N,2025-07-01,3F_2,889,0
2025-07-01 00:37:53,OUTBOUND,W_20250701_1350,N,2025-07-01,3F_4,483,0
2025-07-01 00:38:51,INBOUND,RECEIVING_20250701,N,2025-07-01,3F_5,714,0
2025-07-01 00:40:37,OUTBOUND,W_20250701_1200,N,2025-07-01,3F_3,513,0
2025-07-01 00:42:14,OUTBOUND,W_20250701_1350,N,2025-07-01,3F_1,483,0
2025-07-01 00:50:00,OUTBOUND,W_20250701_1730,N,2025-07-01,2F_6,889,0
2025-07-01 00:50:16,INBOUND,RECEIVING_20250701,N,2025-07-01,2F_5,714,0
2025-07-01 00:55:14,OUTBOUND,W_20250701_1100,N,2025-07-01,2F_1,69,0
2025-07-01 00:39:11,INBOUND,RECEIVING_20250701,N,2025-07-01,3F_5,714,0
2025-07-01 00:38:19,OUTBOUND,W_20250701_1350,N,2025-07-01,3F_4,483,0
2025-07-01 00:43:01,OUTBOUND,W_20250701_1730,N,2025-07-01,3F_6,889,0
2025-07-01 00:40:57,OUTBOUND,W_20250701_1200,N,2025-07-01,3F_3,513,0
2025-07-01 00:55:07,OUTBOUND,W_20250701_1730,N,2025-07-01,2F_2,889,0
2025-07-01 00:55:37,OUTBOUND,W_20250701_1730,N,2025-07-01,2F_2,889,0
2025-07-01 00:50:20,OUTBOUND,W_20250701_1730,N,2025-07-01,2F_6,889,0
2025-07-01 00:50:41,INBOUND,RECEIVING_20250701,N,2025-07-01,2F_5,714,0
2025-07-01 00:50:40,OUTBOUND,W_20250701_1730,N,2025-07-01,2F_6,889,0
2025-07-01 00:51:01,INBOUND,RECEIVING_20250701,N,2025-07-01,2F_5,714,0
2025-07-01 00:38:39,OUTBOUND,W_20250701_1350,N,2025-07-01,3F_4,483,0
2025-07-01 00:38:19,OUTBOUND,W_20250701_1350,N,2025-07-01,3F_8,483,0
2025-07-01 00:41:17,OUTBOUND,W_20250701_1200,N,2025-07-01,3F_3,513,0
2025-07-01 00:46:45,OUTBOUND,W_20250701_1730,N,2025-07-01,3F_2,889,0
2025-07-01 00:39:23,OUTBOUND,W_20250701_1350,N,2025-07-01,3F_8,483,0
2025-07-01 00:47:10,OUTBOUND,W_20250701_1730,N,2025-07-01,3F_2,889,0
2025-07-01 00:55:34,OUTBOUND,W_20250701_1100,N,2025-07-01,2F_1,69,0
2025-07-01 00:42:45,OUTBOUND,W_20250701_1350,N,2025-07-01,3F_4,483,0
2025-07-01 00:43:39,OUTBOUND,W_20250701_1350,N,2025-07-01,3F_1,483,0
2025-07-01 00:45:21,OUTBOUND,W_20250701_1350,N,2025-07-01,3F_1,483,0
2025-07-01 00:50:37,OUTBOUND,W_20250701_1200,N,2025-07-01,2F_3,513,0
2025-07-01 00:51:00,OUTBOUND,W_20250701_1730,N,2025-07-01,2F_6,889,0
2025-07-01 00:55:54,OUTBOUND,W_20250701_1100,N,2025-07-01,2F_1,69,0
2025-07-01 00:39:43,OUTBOUND,W_20250701_1350,N,2025-07-01,3F_8,483,0
2025-07-01 00:39:46,INBOUND,RECEIVING_20250701,N,2025-07-01,3F_5,714,0
2025-07-01 00:43:05,OUTBOUND,W_20250701_1350,N,2025-07-01,3F_4,483,0
2025-07-01 00:41:37,OUTBOUND,W_20250701_1200,N,2025-07-01,3F_3,513,0
2025-07-01 00:43:26,OUTBOUND,W_20250701_1730,N,2025-07-01,3F_6,889,0
2025-07-01 00:42:43,INBOUND,RECEIVING_20250701,N,2025-07-01,3F_5,714,0
2025-07-01 00:43:51,OUTBOUND,W_20250701_1730,N,2025-07-01,3F_6,889,0
2025-07-01 00:56:02,OUTBOUND,W_20250701_1730,N,2025-07-01,2F_2,889,0
2025-07-01 00:50:57,OUTBOUND,W_20250701_1200,N,2025-07-01,2F_3,513,0
2025-07-01 00:56:14,OUTBOUND,W_20250701_1100,N,2025-07-01,2F_1,69,0
2025-07-01 00:45:51,OUTBOUND,W_20250701_1350,N,2025-07-01,3F_1,483,0
2025-07-01 00:44:21,OUTBOUND,W_20250701_1730,N,2025-07-01,3F_6,889,0
2025-07-01 00:40:39,OUTBOUND,W_20250701_1350,N,2025-07-01,3F_8,483,0
2025-07-01 00:47:35,OUTBOUND,W_20250701_1730,N,2025-07-01,3F_2,889,0
2025-07-01 00:43:26,OUTBOUND,W_20250701_1350,N,2025-07-01,3F_4,483,0
2025-07-01 00:46:36,OUTBOUND,W_20250701_1350,N,2025-07-01,3F_1,483,0
2025-07-01 00:51:17,OUTBOUND,W_20250701_1200,N,2025-07-01,2F_3,513,0
2025-07-01 00:51:37,OUTBOUND,W_20250701_1200,N,2025-07-01,2F_3,513,0
2025-07-01 00:56:34,OUTBOUND,W_20250701_1100,N,2025-07-01,2F_1,69,0
2025-07-01 00:40:59,OUTBOUND,W_20250701_1350,N,2025-07-01,3F_8,483,0
2025-07-01 00:43:03,INBOUND,RECEIVING_20250701,N,2025-07-01,3F_5,714,0
2025-07-01 00:43:28,INBOUND,RECEIVING_20250701,N,2025-07-01,3F_5,714,0
2025-07-01 00:41:57,OUTBOUND,W_20250701_1200,N,2025-07-01,3F_3,513,0
2025-07-01 00:51:31,INBOUND,RECEIVING_20250701,N,2025-07-01,2F_5,714,0
2025-07-01 00:52:02,OUTBOUND,W_20250701_1200,N,2025-07-01,2F_3,513,0
2025-07-01 00:56:22,OUTBOUND,W_20250701_1730,N,2025-07-01,2F_2,889,0
2025-07-01 00:56:42,OUTBOUND,W_20250701_1730,N,2025-07-01,2F_2,889,0
2025-07-01 00:46:56,OUTBOUND,W_20250701_1350,N,2025-07-01,3F_1,483,0
2025-07-01 00:44:41,OUTBOUND,W_20250701_1730,N,2025-07-01,3F_6,889,0
2025-07-01 00:45:01,OUTBOUND,W_20250701_1730,N,2025-07-01,3F_6,889,0
2025-07-01 00:45:31,OUTBOUND,W_20250701_1350,N,2025-07-01,3F_4,483,0
2025-07-01 00:48:00,OUTBOUND,W_20250701_1350,N,2025-07-01,3F_1,483,0
2025-07-01 00:52:16,INBOUND,RECEIVING_20250701,N,2025-07-01,2F_5,714,0
2025-07-01 00:52:56,INBOUND,RECEIVING_20250701,N,2025-07-01,2F_5,714,0
2025-07-01 00:51:20,OUTBOUND,W_20250701_1730,N,2025-07-01,2F_6,889,0
2025-07-01 00:52:22,OUTBOUND,W_20250701_1200,N,2025-07-01,2F_3,513,0
2025-07-01 00:51:45,OUTBOUND,W_20250701_1730,N,2025-07-01,2F_6,889,0
2025-07-01 00:56:54,OUTBOUND,W_20250701_1100,N,2025-07-01,2F_1,69,0
2025-07-01 00:57:14,OUTBOUND,W_20250701_1100,N,2025-07-01,2F_1,69,0
2025-07-01 00:45:51,OUTBOUND,W_20250701_1350,N,2025-07-01,3F_4,483,0
2025-07-01 00:42:17,OUTBOUND,W_20250701_1200,N,2025-07-01,3F_3,513,0
2025-07-01 00:43:48,INBOUND,RECEIVING_20250701,N,2025-07-01,3F_5,714,0
2025-07-01 00:44:08,INBOUND,RECEIVING_20250701,N,2025-07-01,3F_5,714,0
2025-07-01 00:41:37,OUTBOUND,W_20250701_1350,N,2025-07-01,3F_8,483,0
2025-07-01 00:47:55,OUTBOUND,W_20250701_1730,N,2025-07-01,3F_2,889,0
2025-07-01 00:44:35,OUTBOUND,W_20250702_0925,N,2025-07-01,3F_8,150,0
2025-07-01 00:48:15,OUTBOUND,W_20250701_1730,N,2025-07-01,3F_2,889,0
2025-07-01 00:48:25,OUTBOUND,W_20250701_1350,N,2025-07-01,3F_1,483,0
2025-07-01 00:52:05,OUTBOUND,W_20250701_1730,N,2025-07-01,2F_6,889,0
2025-07-01 00:53:16,INBOUND,RECEIVING_20250701,N,2025-07-01,2F_5,714,0
2025-07-01 00:53:18,OUTBOUND,W_20250701_1200,N,2025-07-01,2F_3,513,0
2025-07-01 00:45:26,OUTBOUND,W_20250701_1730,N,2025-07-01,3F_6,889,0
2025-07-01 00:45:46,OUTBOUND,W_20250701_1730,N,2025-07-01,3F_6,889,0
2025-07-01 00:42:37,OUTBOUND,W_20250701_1200,N,2025-07-01,3F_3,513,0
2025-07-01 00:44:33,INBOUND,RECEIVING_20250701,N,2025-07-01,3F_5,714,0
2025-07-01 00:46:16,OUTBOUND,W_20250701_1350,N,2025-07-01,3F_4,483,0
2025-07-01 00:57:17,OUTBOUND,W_20250701_1730,N,2025-07-01,2F_2,889,0
2025-07-01 00:57:34,OUTBOUND,W_20250701_1100,N,2025-07-01,2F_1,69,0
2025-07-01 00:57:54,OUTBOUND,W_20250701_1100,N,2025-07-01,2F_1,69,0
2025-07-01 00:58:14,OUTBOUND,W_20250701_1100,N,2025-07-01,2F_1,69,0
2025-07-01 00:53:41,OUTBOUND,W_20250701_1200,N,2025-07-01,2F_3,513,0
2025-07-01 00:56:15,OUTBOUND,W_20250701_1730,N,2025-07-01,2F_6,889,0
2025-07-01 00:46:11,OUTBOUND,W_20250701_1730,N,2025-07-01,3F_6,889,0
2025-07-01 00:44:55,OUTBOUND,W_20250702_0925,N,2025-07-01,3F_8,150,0
2025-07-01 00:44:58,INBOUND,RECEIVING_20250701,N,2025-07-01,3F_5,714,0
2025-07-01 00:48:40,OUTBOUND,W_20250701_1730,N,2025-07-01,3F_2,889,0
2025-07-01 00:45:18,INBOUND,RECEIVING_20250701,N,2025-07-01,3F_5,714,0
2025-07-01 00:43:19,OUTBOUND,W_20250701_1200,N,2025-07-01,3F_3,513,0
2025-07-01 00:45:15,OUTBOUND,W_20250702_0925,N,2025-07-01,3F_8,150,0
2025-07-01 00:56:35,OUTBOUND,W_20250701_1730,N,2025-07-01,2F_6,889,0
2025-07-01 00:54:01,OUTBOUND,W_20250701_1200,N,2025-07-01,2F_3,513,0
2025-07-01 00:46:31,OUTBOUND,W_20250701_1730,N,2025-07-01,3F_6,889,0
2025-07-01 00:46:36,OUTBOUND,W_20250701_1350,N,2025-07-01,3F_4,483,0
2025-07-01 00:58:07,OUTBOUND,W_20250701_1730,N,2025-07-01,2F_2,889,0
2025-07-01 00:58:27,OUTBOUND,W_20250701_1730,N,2025-07-01,2F_2,889,0
2025-07-01 00:53:46,INBOUND,RECEIVING_20250701,N,2025-07-01,2F_5,714,0
2025-07-01 00:54:11,INBOUND,RECEIVING_20250701,N,2025-07-01,2F_5,714,0
2025-07-01 00:58:34,OUTBOUND,W_20250701_1100,N,2025-07-01,2F_1,69,0
2025-07-01 00:55:17,OUTBOUND,W_20250701_1200,N,2025-07-01,2F_3,513,0
2025-07-01 00:48:55,OUTBOUND,W_20250701_1350,N,2025-07-01,3F_1,483,0
2025-07-01 00:45:35,OUTBOUND,W_20250702_0925,N,2025-07-01,3F_8,150,0
2025-07-01 00:45:43,INBOUND,RECEIVING_20250701,N,2025-07-01,3F_5,714,0
2025-07-01 00:46:56,OUTBOUND,W_20250701_1350,N,2025-07-01,3F_4,483,0
2025-07-01 00:46:26,OUTBOUND,W_20250702_0925,N,2025-07-01,3F_8,150,0
2025-07-01 00:49:20,OUTBOUND,W_20250701_1350,N,2025-07-01,3F_1,483,0
2025-07-01 00:54:31,INBOUND,RECEIVING_20250701,N,2025-07-01,2F_5,714,0
2025-07-01 00:55:37,OUTBOUND,W_20250701_1200,N,2025-07-01,2F_3,513,0
2025-07-01 00:58:54,OUTBOUND,W_20250701_1100,N,2025-07-01,2F_1,69,0
2025-07-01 00:56:55,OUTBOUND,W_20250701_1730,N,2025-07-01,2F_6,889,0
2025-07-01 00:55:57,OUTBOUND,W_20250701_1200,N,2025-07-01,2F_3,513,0
2025-07-01 00:57:15,OUTBOUND,W_20250701_1730,N,2025-07-01,2F_6,889,0
2025-07-01 00:43:39,OUTBOUND,W_20250701_1200,N,2025-07-01,3F_3,513,0
2025-07-01 00:49:00,OUTBOUND,W_20250701_1730,N,2025-07-01,3F_2,889,0
2025-07-01 00:47:16,OUTBOUND,W_20250701_1350,N,2025-07-01,3F_4,483,0
2025-07-01 00:44:20,OUTBOUND,W_20250701_1200,N,2025-07-01,3F_3,513,0
2025-07-01 00:49:40,OUTBOUND,W_20250701_1350,N,2025-07-01,3F_1,483,0
2025-07-01 00:58:57,OUTBOUND,W_20250701_1730,N,2025-07-01,2F_2,889,0
2025-07-01 00:56:48,OUTBOUND,W_20250701_1200,N,2025-07-01,2F_3,513,0
2025-07-01 00:46:51,OUTBOUND,W_20250701_1730,N,2025-07-01,3F_6,889,0
2025-07-01 00:46:23,INBOUND,RECEIVING_20250701,N,2025-07-01,3F_5,714,0
2025-07-01 00:50:25,OUTBOUND,W_20250701_1350,N,2025-07-01,3F_1,483,0
2025-07-01 00:49:45,OUTBOUND,W_20250701_1730,N,2025-07-01,3F_2,889,0
2025-07-01 00:47:13,OUTBOUND,W_20250702_0925,N,2025-07-01,3F_8,150,0
2025-07-01 00:59:22,OUTBOUND,W_20250701_1730,N,2025-07-01,2F_2,889,0
2025-07-01 00:57:35,OUTBOUND,W_20250701_1730,N,2025-07-01,2F_6,889,0
2025-07-01 00:59:14,OUTBOUND,W_20250701_1100,N,2025-07-01,2F_1,69,0
2025-07-01 00:57:55,OUTBOUND,W_20250701_1730,N,2025-07-01,2F_6,889,0
2025-07-01 00:50:20,OUTBOUND,W_20250701_1730,N,2025-07-01,3F_2,889,0
2025-07-01 00:46:43,INBOUND,RECEIVING_20250701,N,2025-07-01,3F_5,714,0
2025-07-01 00:47:21,OUTBOUND,W_20250701_1730,N,2025-07-01,3F_6,889,0
2025-07-01 00:45:38,OUTBOUND,W_20250701_1200,N,2025-07-01,3F_3,513,0
2025-07-01 00:47:38,OUTBOUND,W_20250702_0925,N,2025-07-01,3F_8,150,0
2025-07-01 00:46:27,OUTBOUND,W_20250701_1200,N,2025-07-01,3F_3,513,0
2025-07-01 00:50:55,OUTBOUND,W_20250701_1350,N,2025-07-01,3F_1,483,0
2025-07-01 00:59:42,OUTBOUND,W_20250701_1730,N,2025-07-01,2F_2,889,0
2025-07-01 00:47:46,OUTBOUND,W_20250701_1730,N,2025-07-01,3F_6,889,0
2025-07-01 00:50:40,OUTBOUND,W_20250701_1730,N,2025-07-01,3F_2,889,0
2025-07-01 00:47:58,OUTBOUND,W_20250702_0925,N,2025-07-01,3F_8,150,0
2025-07-01 01:00:22,OUTBOUND,W_20250701_1730,N,2025-07-01,2F_2,889,0
2025-07-01 00:54:51,INBOUND,RECEIVING_20250701,N,2025-07-01,2F_5,714,0
2025-07-01 00:55:26,INBOUND,RECEIVING_20250701,N,2025-07-01,2F_5,714,0
2025-07-01 00:59:34,OUTBOUND,W_20250701_1100,N,2025-07-01,2F_1,69,0
2025-07-01 00:58:15,OUTBOUND,W_20250701_1730,N,2025-07-01,2F_6,889,0
2025-07-01 00:58:40,OUTBOUND,W_20250701_1730,N,2025-07-01,2F_6,889,0
2025-07-01 00:58:31,OUTBOUND,W_20250701_1200,N,2025-07-01,2F_3,513,0
2025-07-01 00:48:18,OUTBOUND,W_20250702_0925,N,2025-07-01,3F_8,150,0
2025-07-01 00:47:18,INBOUND,RECEIVING_20250701,N,2025-07-01,3F_5,714,0
2025-07-01 00:48:06,OUTBOUND,W_20250701_1730,N,2025-07-01,3F_6,889,0
2025-07-01 00:52:55,OUTBOUND,W_20250701_1730,N,2025-07-01,3F_2,889,0
2025-07-01 00:48:38,OUTBOUND,W_20250702_0925,N,2025-07-01,3F_8,150,0
2025-07-01 00:47:38,INBOUND,RECEIVING_20250701,N,2025-07-01,3F_5,714,0
2025-07-01 00:47:40,OUTBOUND,W_20250701_1200,N,2025-07-01,3F_3,513,0
2025-07-01 00:48:00,OUTBOUND,W_20250701_1200,N,2025-07-01,3F_3,513,0
2025-07-01 00:51:20,OUTBOUND,W_20250701_1350,N,2025-07-01,3F_1,483,0
2025-07-01 00:55:46,INBOUND,RECEIVING_20250701,N,2025-07-01,2F_5,714,0
2025-07-01 00:59:54,OUTBOUND,W_20250701_1100,N,2025-07-01,2F_1,69,0
2025-07-01 00:59:00,OUTBOUND,W_20250701_1730,N,2025-07-01,2F_6,889,0
2025-07-01 00:58:51,OUTBOUND,W_20250701_1200,N,2025-07-01,2F_3,513,0
2025-07-01 00:48:20,OUTBOUND,W_20250701_1200,N,2025-07-01,3F_3,513,0
2025-07-01 00:53:40,OUTBOUND,W_20250701_1730,N,2025-07-01,3F_2,889,0
2025-07-01 00:48:58,OUTBOUND,W_20250702_0925,N,2025-07-01,3F_8,150,0
2025-07-01 00:56:06,INBOUND,RECEIVING_20250701,N,2025-07-01,2F_5,714,0
2025-07-01 01:00:52,OUTBOUND,W_20250701_1730,N,2025-07-01,2F_2,889,0
2025-07-01 00:59:11,OUTBOUND,W_20250701_1200,N,2025-07-01,2F_3,513,0
2025-07-01 00:59:25,OUTBOUND,W_20250701_1730,N,2025-07-01,2F_6,889,0
2025-07-01 00:47:58,INBOUND,RECEIVING_20250701,N,2025-07-01,3F_5,714,0
2025-07-01 00:51:40,OUTBOUND,W_20250701_1350,N,2025-07-01,3F_1,483,0
2025-07-01 00:48:23,INBOUND,RECEIVING_20250701,N,2025-07-01,3F_5,714,0
2025-07-01 00:48:26,OUTBOUND,W_20250701_1730,N,2025-07-01,3F_6,889,0
2025-07-01 00:48:40,OUTBOUND,W_20250701_1200,N,2025-07-01,3F_3,513,0
2025-07-01 00:54:45,OUTBOUND,W_20250701_1730,N,2025-07-01,3F_2,889,0
2025-07-01 00:49:01,OUTBOUND,W_20250701_1200,N,2025-07-01,3F_3,513,0
2025-07-01 01:00:14,OUTBOUND,W_20250701_1200,N,2025-07-01,2F_1,513,0
2025-07-01 01:01:17,OUTBOUND,W_20250701_1730,N,2025-07-01,2F_2,889,0
2025-07-01 00:52:05,OUTBOUND,W_20250701_1350,N,2025-07-01,3F_1,483,0
2025-07-01 00:56:26,INBOUND,RECEIVING_20250701,N,2025-07-01,2F_5,714,0
2025-07-01 01:01:47,OUTBOUND,W_20250701_1730,N,2025-07-01,2F_2,889,0
2025-07-01 00:59:45,OUTBOUND,W_20250701_1730,N,2025-07-01,2F_6,889,0
2025-07-01 01:02:17,OUTBOUND,W_20250701_1730,N,2025-07-01,2F_2,889,0
2025-07-01 01:00:05,OUTBOUND,W_20250701_1730,N,2025-07-01,2F_6,889,0
2025-07-01 00:48:46,OUTBOUND,W_20250701_1730,N,2025-07-01,3F_6,889,0
2025-07-01 00:55:30,OUTBOUND,W_20250701_1730,N,2025-07-01,3F_2,889,0
2025-07-01 00:48:46,INBOUND,RECEIVING_20250701,N,2025-07-01,3F_5,714,0
2025-07-01 01:00:34,OUTBOUND,W_20250701_1350,N,2025-07-01,2F_1,483,0
2025-07-01 01:02:37,OUTBOUND,W_20250701_1730,N,2025-07-01,2F_2,889,0
2025-07-01 01:00:54,OUTBOUND,W_20250701_1350,N,2025-07-01,2F_1,483,0
2025-07-01 00:59:31,OUTBOUND,W_20250701_1200,N,2025-07-01,2F_3,513,0
2025-07-01 00:49:18,OUTBOUND,W_20250702_0925,N,2025-07-01,3F_8,150,0
2025-07-01 00:49:06,INBOUND,RECEIVING_20250701,N,2025-07-01,3F_5,714,0
2025-07-01 00:49:06,OUTBOUND,W_20250701_1730,N,2025-07-01,3F_6,889,0
2025-07-01 00:49:26,OUTBOUND,W_20250701_1730,N,2025-07-01,3F_6,889,0
2025-07-01 00:52:30,OUTBOUND,W_20250701_1350,N,2025-07-01,3F_1,483,0
2025-07-01 00:52:55,OUTBOUND,W_20250701_1350,N,2025-07-01,3F_1,483,0
2025-07-01 00:57:17,INBOUND,RECEIVING_20250701,N,2025-07-01,2F_5,714,0
2025-07-01 01:00:25,OUTBOUND,W_20250701_1730,N,2025-07-01,2F_6,889,0
2025-07-01 00:59:51,OUTBOUND,W_20250701_1200,N,2025-07-01,2F_3,513,0
2025-07-01 00:49:21,OUTBOUND,W_20250701_1200,N,2025-07-01,3F_3,513,0
2025-07-01 00:55:50,OUTBOUND,W_20250701_1730,N,2025-07-01,3F_2,889,0
2025-07-01 00:57:47,INBOUND,RECEIVING_20250701,N,2025-07-01,2F_5,714,0
2025-07-01 01:00:11,OUTBOUND,W_20250701_1200,N,2025-07-01,2F_3,513,0
2025-07-01 01:01:14,OUTBOUND,W_20250701_1350,N,2025-07-01,2F_1,483,0
2025-07-01 00:53:15,OUTBOUND,W_20250701_1730,N,2025-07-01,3F_1,889,0
2025-07-01 00:49:26,INBOUND,RECEIVING_20250701,N,2025-07-01,3F_5,714,0
2025-07-01 00:49:51,OUTBOUND,W_20250701_1730,N,2025-07-01,3F_6,889,0
2025-07-01 00:56:30,OUTBOUND,W_20250701_1730,N,2025-07-01,3F_2,889,0
2025-07-01 00:49:48,OUTBOUND,W_20250701_1200,N,2025-07-01,3F_3,513,0
2025-07-01 00:50:08,OUTBOUND,W_20250701_1200,N,2025-07-01,3F_3,513,0
2025-07-01 01:01:34,OUTBOUND,W_20250701_1350,N,2025-07-01,2F_1,483,0
2025-07-01 00:59:09,INBOUND,RECEIVING_20250701,N,2025-07-01,2F_5,714,0
2025-07-01 01:00:31,OUTBOUND,W_20250701_1200,N,2025-07-01,2F_3,513,0
2025-07-01 00:57:00,OUTBOUND,W_20250701_1730,N,2025-07-01,3F_2,889,0
2025-07-01 00:50:49,OUTBOUND,W_20250701_1200,N,2025-07-01,3F_3,513,0
2025-07-01 00:59:44,INBOUND,RECEIVING_20250701,N,2025-07-01,2F_5,714,0
2025-07-01 01:03:02,OUTBOUND,W_20250701_1730,N,2025-07-01,2F_2,889,0
2025-07-01 01:03:27,OUTBOUND,W_20250701_1730,N,2025-07-01,2F_2,889,0
2025-07-01 01:01:59,OUTBOUND,W_20250701_1350,N,2025-07-01,2F_1,483,0
2025-07-01 01:00:50,OUTBOUND,W_20250701_1730,N,2025-07-01,2F_6,889,0
2025-07-01 01:01:10,OUTBOUND,W_20250701_1730,N,2025-07-01,2F_6,889,0
2025-07-01 00:49:46,INBOUND,RECEIVING_20250701,N,2025-07-01,3F_5,714,0
2025-07-01 00:50:11,OUTBOUND,W_20250701_1730,N,2025-07-01,3F_6,889,0
2025-07-01 00:50:31,OUTBOUND,W_20250701_1730,N,2025-07-01,3F_6,889,0
2025-07-01 00:57:30,OUTBOUND,W_20250701_1730,N,2025-07-01,3F_2,889,0
2025-07-01 00:51:09,OUTBOUND,W_20250701_1200,N,2025-07-01,3F_3,513,0
2025-07-01 00:54:52,OUTBOUND,W_20250701_1350,N,2025-07-01,3F_1,483,0
2025-07-01 01:03:47,OUTBOUND,W_20250701_1730,N,2025-07-01,2F_2,889,0
2025-07-01 01:02:19,OUTBOUND,W_20250701_1350,N,2025-07-01,2F_1,483,0
2025-07-01 01:00:51,OUTBOUND,W_20250701_1200,N,2025-07-01,2F_3,513,0
2025-07-01 00:50:56,OUTBOUND,W_20250701_1730,N,2025-07-01,3F_6,889,0
2025-07-01 00:50:11,INBOUND,RECEIVING_20250701,N,2025-07-01,3F_5,714,0
2025-07-01 00:55:12,OUTBOUND,W_20250701_1350,N,2025-07-01,3F_1,483,0
2025-07-01 01:01:30,OUTBOUND,W_20250701_1730,N,2025-07-01,2F_6,889,0
2025-07-01 01:00:20,INBOUND,RECEIVING_20250701,N,2025-07-01,2F_5,714,0
2025-07-01 01:01:50,OUTBOUND,W_20250701_1730,N,2025-07-01,2F_6,889,0
2025-07-01 01:02:15,OUTBOUND,W_20250701_1730,N,2025-07-01,2F_6,889,0
2025-07-01 00:58:05,OUTBOUND,W_20250701_1730,N,2025-07-01,3F_2,889,0
2025-07-01 00:50:36,INBOUND,RECEIVING_20250701,N,2025-07-01,3F_5,714,0
2025-07-01 00:51:22,OUTBOUND,W_20250701_1730,N,2025-07-01,3F_6,889,0
2025-07-01 01:01:11,OUTBOUND,W_20250701_1200,N,2025-07-01,2F_3,513,0
2025-07-01 01:01:31,INBOUND,RECEIVING_20250701,N,2025-07-01,2F_5,714,0
2025-07-01 00:51:39,OUTBOUND,W_20250701_1200,N,2025-07-01,3F_3,513,0
2025-07-01 00:55:32,OUTBOUND,W_20250701_1350,N,2025-07-01,3F_1,483,0
2025-07-01 01:02:39,OUTBOUND,W_20250701_1350,N,2025-07-01,2F_1,483,0
2025-07-01 01:01:56,INBOUND,RECEIVING_20250701,N,2025-07-01,2F_5,714,0
2025-07-01 01:02:26,INBOUND,RECEIVING_20250701,N,2025-07-01,2F_5,714,0
2025-07-01 01:01:31,OUTBOUND,W_20250701_1200,N,2025-07-01,2F_3,513,0
2025-07-01 01:02:40,OUTBOUND,W_20250701_1730,N,2025-07-01,2F_6,889,0
2025-07-01 00:55:57,OUTBOUND,W_20250701_1350,N,2025-07-01,3F_1,483,0
2025-07-01 00:51:59,OUTBOUND,W_20250701_1200,N,2025-07-01,3F_3,513,0
2025-07-01 00:52:42,INBOUND,RECEIVING_20250701,N,2025-07-01,3F_5,714,0
2025-07-01 00:58:25,OUTBOUND,W_20250701_1730,N,2025-07-01,3F_2,889,0
2025-07-01 01:04:07,OUTBOUND,W_20250701_1730,N,2025-07-01,2F_2,889,0
2025-07-01 01:04:37,OUTBOUND,W_20250701_1730,N,2025-07-01,2F_2,889,0
2025-07-01 01:03:09,OUTBOUND,W_20250701_1350,N,2025-07-01,2F_1,483,0
2025-07-01 01:02:46,INBOUND,RECEIVING_20250701,N,2025-07-01,2F_5,714,0
2025-07-01 00:53:12,INBOUND,RECEIVING_20250701,N,2025-07-01,3F_5,714,0
2025-07-01 00:58:55,OUTBOUND,W_20250701_1730,N,2025-07-01,3F_2,889,0
2025-07-01 00:51:42,OUTBOUND,W_20250701_1730,N,2025-07-01,3F_6,889,0
2025-07-01 00:52:19,OUTBOUND,W_20250701_1200,N,2025-07-01,3F_3,513,0
2025-07-01 00:52:02,OUTBOUND,W_20250701_1730,N,2025-07-01,3F_6,889,0
2025-07-01 00:56:17,OUTBOUND,W_20250701_1350,N,2025-07-01,3F_1,483,0
2025-07-01 01:03:39,OUTBOUND,W_20250701_1350,N,2025-07-01,2F_1,483,0
2025-07-01 01:01:51,OUTBOUND,W_20250701_1200,N,2025-07-01,2F_3,513,0
2025-07-01 01:03:16,INBOUND,RECEIVING_20250701,N,2025-07-01,2F_5,714,0
2025-07-01 01:04:57,OUTBOUND,W_20250701_1730,N,2025-07-01,2F_2,889,0
2025-07-01 00:53:32,INBOUND,RECEIVING_20250701,N,2025-07-01,3F_5,714,0
2025-07-01 00:53:01,OUTBOUND,W_20250701_1730,N,2025-07-01,3F_6,889,0
2025-07-01 01:03:00,OUTBOUND,W_20250701_1730,N,2025-07-01,2F_6,889,0
2025-07-01 01:03:20,OUTBOUND,W_20250701_1730,N,2025-07-01,2F_6,889,0
2025-07-01 01:03:36,INBOUND,RECEIVING_20250701,N,2025-07-01,2F_5,714,0
2025-07-01 01:04:29,OUTBOUND,W_20250701_1350,N,2025-07-01,2F_1,483,0
2025-07-01 00:59:50,OUTBOUND,W_20250701_1730,N,2025-07-01,3F_2,889,0
2025-07-01 01:00:20,OUTBOUND,W_20250701_1730,N,2025-07-01,3F_2,889,0
2025-07-01 00:53:26,OUTBOUND,W_20250701_1730,N,2025-07-01,3F_6,889,0
2025-07-01 00:53:46,OUTBOUND,W_20250701_1730,N,2025-07-01,3F_6,889,0
2025-07-01 00:53:52,INBOUND,RECEIVING_20250701,N,2025-07-01,3F_5,714,0
2025-07-01 00:57:10,OUTBOUND,W_20250701_1350,N,2025-07-01,3F_1,483,0
2025-07-01 01:04:59,OUTBOUND,W_20250701_1350,N,2025-07-01,2F_1,483,0
2025-07-01 01:02:16,OUTBOUND,W_20250701_1200,N,2025-07-01,2F_3,513,0
2025-07-01 01:02:38,OUTBOUND,W_20250701_1200,N,2025-07-01,2F_3,513,0
2025-07-01 01:05:19,OUTBOUND,W_20250701_1350,N,2025-07-01,2F_1,483,0
2025-07-01 00:52:39,OUTBOUND,W_20250701_1200,N,2025-07-01,3F_3,513,0
2025-07-01 00:54:12,INBOUND,RECEIVING_20250701,N,2025-07-01,3F_5,714,0
2025-07-01 00:57:30,OUTBOUND,W_20250701_1350,N,2025-07-01,3F_1,483,0
2025-07-01 00:54:17,OUTBOUND,W_20250701_1730,N,2025-07-01,3F_6,889,0
2025-07-01 01:02:58,OUTBOUND,W_20250701_1200,N,2025-07-01,2F_3,513,0
2025-07-01 01:03:56,INBOUND,RECEIVING_20250701,N,2025-07-01,2F_5,714,0
2025-07-01 01:03:40,OUTBOUND,W_20250701_1730,N,2025-07-01,2F_6,889,0
2025-07-01 01:05:27,OUTBOUND,W_20250701_1730,N,2025-07-01,2F_2,889,0
2025-07-01 01:04:05,OUTBOUND,W_20250701_1730,N,2025-07-01,2F_6,889,0
2025-07-01 00:57:50,OUTBOUND,W_20250701_1730,N,2025-07-01,3F_1,889,0
2025-07-01 00:52:59,OUTBOUND,W_20250701_1200,N,2025-07-01,3F_3,513,0
2025-07-01 00:54:42,INBOUND,RECEIVING_20250701,N,2025-07-01,3F_5,714,0
2025-07-01 01:00:55,OUTBOUND,W_20250701_1730,N,2025-07-01,3F_2,889,0
2025-07-01 00:55:02,INBOUND,RECEIVING_20250701,N,2025-07-01,3F_5,714,0
2025-07-01 00:56:33,OUTBOUND,W_20250701_1730,N,2025-07-01,3F_6,889,0
2025-07-01 00:56:53,OUTBOUND,W_20250701_1730,N,2025-07-01,3F_6,889,0
2025-07-01 01:05:47,OUTBOUND,W_20250701_1730,N,2025-07-01,2F_2,889,0
2025-07-01 01:06:09,OUTBOUND,W_20250702_0925,N,2025-07-01,2F_1,150,0
2025-07-01 01:06:54,OUTBOUND,W_20250702_0925,N,2025-07-01,2F_1,150,0
2025-07-01 00:53:24,OUTBOUND,W_20250701_1200,N,2025-07-01,3F_3,513,0
2025-07-01 01:02:10,OUTBOUND,W_20250701_1730,N,2025-07-01,3F_2,889,0
2025-07-01 00:53:44,OUTBOUND,W_20250701_1200,N,2025-07-01,3F_3,513,0
2025-07-01 00:55:27,INBOUND,RECEIVING_20250701,N,2025-07-01,3F_5,714,0
2025-07-01 00:58:15,OUTBOUND,W_20250702_0925,N,2025-07-01,3F_1,150,0
2025-07-01 00:57:13,OUTBOUND,W_20250701_1730,N,2025-07-01,3F_6,889,0
2025-07-01 01:03:18,OUTBOUND,W_20250701_1200,N,2025-07-01,2F_3,513,0
2025-07-01 01:04:21,INBOUND,RECEIVING_20250701,N,2025-07-01,2F_5,714,0
2025-07-01 01:06:07,OUTBOUND,W_20250701_1730,N,2025-07-01,2F_2,889,0
2025-07-01 01:04:25,OUTBOUND,W_20250701_1730,N,2025-07-01,2F_6,889,0
2025-07-01 01:06:32,OUTBOUND,W_20250701_1730,N,2025-07-01,2F_2,889,0
2025-07-01 01:05:01,OUTBOUND,W_20250701_1730,N,2025-07-01,2F_6,889,0
2025-07-01 00:58:35,OUTBOUND,W_20250702_0925,N,2025-07-01,3F_1,150,0
2025-07-01 00:54:04,OUTBOUND,W_20250701_1200,N,2025-07-01,3F_3,513,0
2025-07-01 00:55:55,INBOUND,RECEIVING_20250701,N,2025-07-01,3F_5,714,0
2025-07-01 00:58:58,INBOUND,RECEIVING_20250701,N,2025-07-01,3F_5,714,0
2025-07-01 00:59:44,OUTBOUND,W_20250701_1730,N,2025-07-01,3F_6,889,0
2025-07-01 01:05:21,OUTBOUND,W_20250701_1730,N,2025-07-01,2F_6,889,0
2025-07-01 01:07:14,OUTBOUND,W_20250701_1350,N,2025-07-01,2F_1,483,0
2025-07-01 01:03:51,OUTBOUND,W_20250701_1200,N,2025-07-01,2F_3,513,0
2025-07-01 01:07:44,OUTBOUND,W_20250702_0925,N,2025-07-01,2F_1,150,0
2025-07-01 01:00:04,OUTBOUND,W_20250701_1730,N,2025-07-01,3F_6,889,0
2025-07-01 01:04:46,INBOUND,RECEIVING_20250701,N,2025-07-01,2F_5,714,0
2025-07-01 01:02:50,OUTBOUND,W_20250701_1730,N,2025-07-01,3F_2,889,0
2025-07-01 00:58:55,OUTBOUND,W_20250701_1350,N,2025-07-01,3F_1,483,0
2025-07-01 01:04:11,OUTBOUND,W_20250701_1200,N,2025-07-01,2F_3,513,0
2025-07-01 01:05:41,OUTBOUND,W_20250701_1730,N,2025-07-01,2F_6,889,0
2025-07-01 00:54:29,OUTBOUND,W_20250701_1200,N,2025-07-01,3F_3,513,0
2025-07-01 01:01:12,INBOUND,RECEIVING_20250701,N,2025-07-01,3F_5,714,0
2025-07-01 01:05:11,INBOUND,RECEIVING_20250701,N,2025-07-01,2F_5,714,0
2025-07-01 01:00:24,OUTBOUND,W_20250701_1730,N,2025-07-01,3F_6,889,0
2025-07-01 01:00:44,OUTBOUND,W_20250701_1730,N,2025-07-01,3F_6,889,0
2025-07-01 01:03:10,OUTBOUND,W_20250701_1730,N,2025-07-01,3F_2,889,0
2025-07-01 01:08:04,OUTBOUND,W_20250702_0925,N,2025-07-01,2F_1,150,0
2025-07-01 01:06:52,OUTBOUND,W_20250701_1730,N,2025-07-01,2F_2,889,0
2025-07-01 01:06:06,OUTBOUND,W_20250701_1730,N,2025-07-01,2F_6,889,0
2025-07-01 01:01:14,OUTBOUND,W_20250701_1730,N,2025-07-01,3F_6,889,0
2025-07-01 01:03:45,OUTBOUND,W_20250701_1730,N,2025-07-01,3F_2,889,0
2025-07-01 01:01:32,INBOUND,RECEIVING_20250701,N,2025-07-01,3F_5,714,0
2025-07-01 00:59:15,OUTBOUND,W_20250702_0925,N,2025-07-01,3F_1,150,0
2025-07-01 00:57:45,OUTBOUND,W_20250701_1200,N,2025-07-01,3F_3,513,0
2025-07-01 00:58:05,OUTBOUND,W_20250701_1200,N,2025-07-01,3F_3,513,0
2025-07-01 01:05:31,INBOUND,RECEIVING_20250701,N,2025-07-01,2F_5,714,0
2025-07-01 01:05:51,INBOUND,RECEIVING_20250701,N,2025-07-01,2F_5,714,0
2025-07-01 01:04:31,OUTBOUND,W_20250701_1200,N,2025-07-01,2F_3,513,0
2025-07-01 01:07:12,OUTBOUND,W_20250701_1730,N,2025-07-01,2F_2,889,0
2025-07-01 01:07:32,OUTBOUND,W_20250701_1730,N,2025-07-01,2F_2,889,0
2025-07-01 01:06:34,OUTBOUND,W_20250701_1730,N,2025-07-01,2F_6,889,0
2025-07-01 01:04:15,OUTBOUND,W_20250701_1730,N,2025-07-01,3F_2,889,0
2025-07-01 00:59:35,OUTBOUND,W_20250702_0925,N,2025-07-01,3F_1,150,0
2025-07-01 01:02:02,INBOUND,RECEIVING_20250701,N,2025-07-01,3F_5,714,0
2025-07-01 01:06:36,INBOUND,RECEIVING_20250701,N,2025-07-01,2F_5,714,0
2025-07-01 01:01:34,OUTBOUND,W_20250701_1730,N,2025-07-01,3F_6,889,0
2025-07-01 01:01:59,OUTBOUND,W_20250701_1730,N,2025-07-01,3F_6,889,0
2025-07-01 00:58:25,OUTBOUND,W_20250701_1200,N,2025-07-01,3F_3,513,0
2025-07-01 01:04:40,OUTBOUND,W_20250701_1730,N,2025-07-01,3F_2,889,0
2025-07-01 00:59:55,OUTBOUND,W_20250702_0925,N,2025-07-01,3F_1,150,0
2025-07-01 01:06:54,OUTBOUND,W_20250701_1730,N,2025-07-01,2F_6,889,0
2025-07-01 01:04:51,OUTBOUND,W_20250701_1200,N,2025-07-01,2F_3,513,0
2025-07-01 01:08:24,OUTBOUND,W_20250702_0925,N,2025-07-01,2F_1,150,0
2025-07-01 01:07:52,OUTBOUND,W_20250701_1730,N,2025-07-01,2F_2,889,0
2025-07-01 01:08:44,OUTBOUND,W_20250702_0925,N,2025-07-01,2F_1,150,0
2025-07-01 01:09:04,OUTBOUND,W_20250702_0925,N,2025-07-01,2F_1,150,0
2025-07-01 01:02:19,OUTBOUND,W_20250701_1730,N,2025-07-01,3F_6,889,0
2025-07-01 01:00:15,OUTBOUND,W_20250702_0925,N,2025-07-01,3F_1,150,0
2025-07-01 01:02:22,INBOUND,RECEIVING_20250701,N,2025-07-01,3F_5,714,0
2025-07-01 01:05:11,OUTBOUND,W_20250701_1200,N,2025-07-01,2F_3,513,0
2025-07-01 01:06:56,INBOUND,RECEIVING_20250701,N,2025-07-01,2F_5,714,0
2025-07-01 01:05:42,OUTBOUND,W_20250701_1200,N,2025-07-01,2F_3,513,0
2025-07-01 01:07:19,OUTBOUND,W_20250701_1730,N,2025-07-01,2F_6,889,0
2025-07-01 01:07:44,OUTBOUND,W_20250701_1730,N,2025-07-01,2F_6,889,0
2025-07-01 01:08:12,OUTBOUND,W_20250701_1730,N,2025-07-01,2F_2,889,0
2025-07-01 01:00:35,OUTBOUND,W_20250702_0925,N,2025-07-01,3F_1,150,0
2025-07-01 01:05:10,OUTBOUND,W_20250701_1730,N,2025-07-01,3F_2,889,0
2025-07-01 01:02:39,OUTBOUND,W_20250701_1730,N,2025-07-01,3F_6,889,0
2025-07-01 01:05:30,OUTBOUND,W_20250701_1730,N,2025-07-01,3F_2,889,0
2025-07-01 01:02:59,OUTBOUND,W_20250701_1730,N,2025-07-01,3F_6,889,0
2025-07-01 00:58:45,OUTBOUND,W_20250701_1200,N,2025-07-01,3F_3,513,0
2025-07-01 01:07:21,INBOUND,RECEIVING_20250701,N,2025-07-01,2F_5,714,0
2025-07-01 01:01:00,OUTBOUND,W_20250702_0925,N,2025-07-01,3F_1,150,0
2025-07-01 01:03:58,INBOUND,RECEIVING_20250701,N,2025-07-01,3F_5,714,0
2025-07-01 01:08:04,OUTBOUND,W_20250701_1730,N,2025-07-01,2F_6,889,0
2025-07-01 01:09:24,OUTBOUND,W_20250702_0925,N,2025-07-01,2F_1,150,0
2025-07-01 01:06:35,OUTBOUND,W_20250701_1200,N,2025-07-01,2F_3,513,0
2025-07-01 01:09:44,OUTBOUND,W_20250702_0925,N,2025-07-01,2F_1,150,0
2025-07-01 01:01:20,OUTBOUND,W_20250702_0925,N,2025-07-01,3F_1,150,0
2025-07-01 01:07:00,OUTBOUND,W_20250701_1200,N,2025-07-01,2F_3,513,0
2025-07-01 01:08:24,OUTBOUND,W_20250701_1730,N,2025-07-01,2F_6,889,0
2025-07-01 01:06:00,OUTBOUND,W_20250701_1730,N,2025-07-01,3F_2,889,0
2025-07-01 00:59:05,OUTBOUND,W_20250701_1200,N,2025-07-01,3F_3,513,0
2025-07-01 01:07:41,INBOUND,RECEIVING_20250701,N,2025-07-01,2F_5,714,0
2025-07-01 01:03:19,OUTBOUND,W_20250701_1730,N,2025-07-01,3F_6,889,0
2025-07-01 01:00:54,OUTBOUND,W_20250701_1200,N,2025-07-01,3F_3,513,0
2025-07-01 01:06:20,OUTBOUND,W_20250701_1730,N,2025-07-01,3F_2,889,0
2025-07-01 01:08:01,INBOUND,RECEIVING_20250701,N,2025-07-01,2F_5,714,0
2025-07-01 01:05:45,INBOUND,RECEIVING_20250701,N,2025-07-01,3F_5,714,0
2025-07-01 01:09:02,OUTBOUND,W_20250701_1730,N,2025-07-01,2F_2,889,0
2025-07-01 01:08:44,OUTBOUND,W_20250701_1730,N,2025-07-01,2F_6,889,0
2025-07-01 01:10:04,OUTBOUND,W_20250702_0925,N,2025-07-01,2F_1,150,0
2025-07-01 01:10:24,OUTBOUND,W_20250702_0925,N,2025-07-01,2F_1,150,0
2025-07-01 01:08:00,OUTBOUND,W_20250701_1200,N,2025-07-01,2F_3,513,0
2025-07-01 01:06:15,INBOUND,RECEIVING_20250701,N,2025-07-01,3F_5,714,0
2025-07-01 01:01:40,OUTBOUND,W_20250702_0925,N,2025-07-01,3F_1,150,0
2025-07-01 01:09:32,OUTBOUND,W_20250701_1730,N,2025-07-01,2F_2,889,0
2025-07-01 01:10:59,OUTBOUND,W_20250702_0925,N,2025-07-01,2F_1,150,0
2025-07-01 01:03:54,OUTBOUND,W_20250701_1730,N,2025-07-01,3F_6,889,0
2025-07-01 01:06:35,INBOUND,RECEIVING_20250701,N,2025-07-01,3F_5,714,0
2025-07-01 01:07:00,OUTBOUND,W_20250701_1730,N,2025-07-01,3F_2,889,0
2025-07-01 01:04:19,OUTBOUND,W_20250701_1730,N,2025-07-01,3F_6,889,0
2025-07-01 01:01:52,OUTBOUND,W_20250701_1200,N,2025-07-01,3F_3,513,0
2025-07-01 01:08:05,OUTBOUND,W_20250701_1730,N,2025-07-01,3F_2,889,0
2025-07-01 01:08:21,INBOUND,RECEIVING_20250701,N,2025-07-01,2F_5,714,0
2025-07-01 01:09:04,OUTBOUND,W_20250701_1730,N,2025-07-01,2F_6,889,0
2025-07-01 01:08:20,OUTBOUND,W_20250701_1200,N,2025-07-01,2F_3,513,0
2025-07-01 01:07:11,INBOUND,RECEIVING_20250701,N,2025-07-01,3F_5,714,0
2025-07-01 01:09:29,OUTBOUND,W_20250701_1730,N,2025-07-01,2F_6,889,0
2025-07-01 01:10:07,OUTBOUND,W_20250701_1730,N,2025-07-01,2F_2,889,0
2025-07-01 01:10:27,OUTBOUND,W_20250701_1730,N,2025-07-01,2F_2,889,0
2025-07-01 01:09:02,OUTBOUND,W_20250701_1200,N,2025-07-01,2F_3,513,0
2025-07-01 01:02:12,OUTBOUND,W_20250701_1200,N,2025-07-01,3F_3,513,0
2025-07-01 01:04:39,OUTBOUND,W_20250701_1730,N,2025-07-01,3F_6,889,0
2025-07-01 01:02:00,OUTBOUND,W_20250702_0925,N,2025-07-01,3F_1,150,0
2025-07-01 01:07:36,INBOUND,RECEIVING_20250701,N,2025-07-01,3F_5,714,0
2025-07-01 01:02:20,OUTBOUND,W_20250702_0925,N,2025-07-01,3F_1,150,0
2025-07-01 01:08:30,OUTBOUND,W_20250701_1730,N,2025-07-01,3F_2,889,0
2025-07-01 01:05:04,OUTBOUND,W_20250701_1730,N,2025-07-01,3F_6,889,0
2025-07-01 01:09:05,OUTBOUND,W_20250701_1730,N,2025-07-01,3F_2,889,0
2025-07-01 01:07:56,INBOUND,RECEIVING_20250701,N,2025-07-01,3F_5,714,0
2025-07-01 01:03:32,OUTBOUND,W_20250701_1200,N,2025-07-01,3F_3,513,0
2025-07-01 01:09:22,OUTBOUND,W_20250701_1200,N,2025-07-01,2F_3,513,0
2025-07-01 01:09:49,OUTBOUND,W_20250701_1730,N,2025-07-01,2F_6,889,0
2025-07-01 01:09:42,OUTBOUND,W_20250701_1200,N,2025-07-01,2F_3,513,0
2025-07-01 01:09:17,INBOUND,RECEIVING_20250701,N,2025-07-01,2F_5,714,0
2025-07-01 01:03:52,OUTBOUND,W_20250701_1200,N,2025-07-01,3F_3,513,0
2025-07-01 01:04:12,OUTBOUND,W_20250701_1200,N,2025-07-01,3F_3,513,0
2025-07-01 01:09:47,INBOUND,RECEIVING_20250701,N,2025-07-01,2F_5,714,0
2025-07-01 01:09:50,OUTBOUND,W_20250701_1730,N,2025-07-01,3F_2,889,0
2025-07-01 01:11:19,OUTBOUND,W_20250702_0925,N,2025-07-01,2F_1,150,0
2025-07-01 01:11:39,OUTBOUND,W_20250702_0925,N,2025-07-01,2F_1,150,0
2025-07-01 01:10:07,INBOUND,RECEIVING_20250701,N,2025-07-01,2F_5,714,0
2025-07-01 01:11:59,OUTBOUND,W_20250702_0925,N,2025-07-01,2F_1,150,0
2025-07-01 01:02:40,OUTBOUND,W_20250702_0925,N,2025-07-01,3F_1,150,0
2025-07-01 01:08:16,INBOUND,RECEIVING_20250701,N,2025-07-01,3F_5,714,0
2025-07-01 01:10:47,OUTBOUND,W_20250701_1730,N,2025-07-01,2F_2,889,0
2025-07-01 01:10:02,OUTBOUND,W_20250701_1200,N,2025-07-01,2F_3,513,0
2025-07-01 01:05:29,OUTBOUND,W_20250701_1730,N,2025-07-01,3F_6,889,0
2025-07-01 01:05:54,OUTBOUND,W_20250701_1730,N,2025-07-01,3F_6,889,0
2025-07-01 01:04:32,OUTBOUND,W_20250701_1200,N,2025-07-01,3F_3,513,0
2025-07-01 01:10:10,OUTBOUND,W_20250701_1730,N,2025-07-01,3F_2,889,0
2025-07-01 01:10:32,INBOUND,RECEIVING_20250701,N,2025-07-01,2F_5,714,0
2025-07-01 01:10:09,OUTBOUND,W_20250701_1730,N,2025-07-01,2F_6,889,0
2025-07-01 01:11:07,OUTBOUND,W_20250701_1730,N,2025-07-01,2F_2,889,0
2025-07-01 01:11:27,OUTBOUND,W_20250701_1730,N,2025-07-01,2F_2,889,0
2025-07-01 01:10:22,OUTBOUND,W_20250701_1200,N,2025-07-01,2F_3,513,0
